Id:14POPI01A,in:,0,az:,90,dip:,0,str:,0,m:,1.49,com:35_R,,,,,
L:,-24.47,G:,-65.42,H:0000,T:2014,9,14,0,0,azm:,0,azs:,0,Or:A12_0_3_90,Fm:,||Li:ceramique|Loc:jujuy
,0D0,-2.77E-06,6.69E-07,4.77E-07,0,C1,89,,,,,,,,,
,100RA,-2.83E-06,6.42E-07,4.69E-07,0,C1,90,,,,,,,,,
,100VA,-2.84E-06,6.60E-07,5.94E-07,0,C1,92,,,,,,,,,
,150RB,-2.88E-06,6.30E-07,4.39E-07,0,C1,93,,,,,,,,,
,150VB,-2.88E-06,6.24E-07,6.72E-07,0,C1,92,,,,,,,,,
,200RC,-2.87E-06,5.29E-07,3.66E-07,0,C1,90,,,,,,,,,
,200VC,-2.88E-06,5.11E-07,6.83E-07,0,C1,92,,,,,,,,,
,250RD,-2.82E-06,4.75E-07,1.33E-07,0,C1,99,,,,,,,,,
,250VD,-2.83E-06,4.34E-07,6.89E-07,0,C1,98,,,,,,,,,
,100PD,-2.81E-06,4.79E-07,5.69E-07,0,C1,0,,,,,,,,,
,300RE,-2.76E-06,2.93E-07,-1.31E-08,0,C1,98,,,,,,,,,
,300VE,-2.78E-06,2.09E-07,7.86E-07,0,C1,100,,,,,,,,,
,340RF,-2.68E-06,2.09E-07,-7.71E-08,0,C1,99,,,,,,,,,
,340VF,-2.70E-06,1.65E-07,9.78E-07,0,C1,99,,,,,,,,,
,250PF,-2.70E-06,1.58E-07,4.56E-07,0,C1,99,,,,,,,,,
,385RG,-2.55E-06,-3.95E-08,-2.07E-07,0,C1,101,,,,,,,,,
,385VG,-2.61E-06,-1.27E-07,1.23E-06,0,C1,99,,,,,,,,,
,430RH,-2.10E-06,1.57E-08,-5.63E-07,0,C1,96,,,,,,,,,
,430VH,-2.19E-06,-1.78E-07,1.48E-06,0,C1,0,,,,,,,,,
,340PH,-2.15E-06,-7.13E-08,4.85E-07,0,C1,102,,,,,,,,,
,470RI,-1.34E-06,2.81E-08,-1.19E-06,0,C1,99,,,,,,,,,
,470VI,-1.45E-06,-1.77E-07,1.75E-06,0,C1,96,,,,,,,,,
,495RJ,-7.91E-07,1.09E-07,-1.53E-06,0,C1,96,,,,,,,,,
,495VJ,-9.28E-07,-1.80E-07,1.99E-06,0,C1,101,,,,,,,,,
,430PJ,-8.26E-07,-3.08E-08,-1.08E-07,0,C1,95,,,,,,,,,
,515RK,-4.39E-07,1.27E-07,-1.90E-06,0,C1,93,,,,,,,,,
,515VK,-5.87E-07,-1.61E-07,2.09E-06,0,C1,94,,,,,,,,,
,530RL,-2.43E-07,1.56E-07,-2.08E-06,0,C1,94,,,,,,,,,
,530VL,-3.96E-07,-1.72E-07,2.17E-06,0,C1,93,,,,,,,,,
,495PL,-2.48E-07,1.16E-07,-1.37E-06,0,C1,0,,,,,,,,,
,530X+,2.88E-06,-2.70E-08,-1.09E-07,0,C1,92,,,,,,,,,
,530X-,-3.41E-06,-2.77E-07,2.48E-07,0,C1,92,,,,,,,,,
,530Y+,-3.87E-08,-3.39E-06,1.28E-07,0,C1,90,,,,,,,,,
,530Y-,-6.30E-07,3.30E-06,3.39E-10,0,C1,91,,,,,,,,,
,530ZB,-2.10E-07,1.61E-07,-2.01E-06,0,C1,89,,,,,,,,,
,530LL,-1.85E-07,1.65E-07,-2.23E-06,0,C1,87,,,,,,,,,
,530QL,-3.56E-07,-1.71E-07,2.14E-06,0,C1,90,,,,,,,,,
,540RM,-1.24E-07,1.64E-07,-2.17E-06,0,C1,0,,,,,,,,,
,540VM,-2.98E-07,-1.82E-07,2.23E-06,0,C1,97,,,,,,,,,
,550RN,-7.64E-08,1.44E-07,-2.29E-06,0,C1,91,,,,,,,,,
,550VN,-2.34E-07,-1.77E-07,2.34E-06,0,C1,88,,,,,,,,,
,530PN,-7.34E-08,1.48E-07,-1.89E-06,0,C1,90,,,,,,,,,Id:14POPI01B,in:,0,az:,90,dip:,0,str:,0,m:,1.73,com:35_R,,,,,
L:,-24.47,G:,-65.42,H:0000,T:2014,9,14,0,0,azm:,0,azs:,0,Or:A12_0_3_90,Fm:,||Li:ceramique|Loc:jujuy
,0D0,-2.46E-06,1.83E-07,1.17E-06,0,C1,95,,,,,,,,,
,100RA,-2.47E-06,1.77E-07,1.11E-06,0,C1,99,,,,,,,,,
,100VA,-2.46E-06,2.40E-07,1.26E-06,0,C1,98,,,,,,,,,
,150RB,-2.42E-06,8.59E-08,9.53E-07,0,C1,103,,,,,,,,,
,150VB,-2.40E-06,2.09E-07,1.29E-06,0,C1,101,,,,,,,,,
,200RC,-2.27E-06,2.49E-07,7.78E-07,0,C1,105,,,,,,,,,
,200VC,-2.26E-06,1.14E-07,1.32E-06,0,C1,103,,,,,,,,,
,250RD,-2.10E-06,1.91E-07,4.24E-07,0,C1,107,,,,,,,,,
,250VD,-2.07E-06,1.00E-07,1.28E-06,0,C1,109,,,,,,,,,
,100PD,-2.07E-06,5.44E-08,1.04E-06,0,C1,106,,,,,,,,,
,300RE,-1.99E-06,4.58E-08,-1.70E-08,0,C1,111,,,,,,,,,
,300VE,-1.95E-06,2.03E-08,1.17E-06,0,C1,110,,,,,,,,,
,340RF,-1.89E-06,1.13E-07,-3.35E-07,0,C1,110,,,,,,,,,
,340VF,-1.85E-06,-2.18E-08,1.17E-06,0,C1,110,,,,,,,,,
,250PF,-1.87E-06,4.06E-08,2.72E-07,0,C1,113,,,,,,,,,
,385RG,-1.80E-06,9.53E-09,-6.15E-07,0,C1,111,,,,,,,,,
,385VG,-1.73E-06,-4.24E-08,1.23E-06,0,C1,111,,,,,,,,,
,430RH,-1.61E-06,-2.03E-08,-1.00E-06,0,C1,110,,,,,,,,,
,430VH,-1.53E-06,-1.33E-07,1.44E-06,0,C1,111,,,,,,,,,
,340PH,-1.58E-06,-3.56E-08,-8.65E-09,0,C1,0,,,,,,,,,
,470RI,-1.25E-06,-3.52E-09,-1.48E-06,0,C1,113,,,,,,,,,
,470VI,-1.19E-06,-1.90E-07,1.70E-06,0,C1,111,,,,,,,,,
,495RJ,-9.52E-07,2.32E-08,-1.84E-06,0,C1,111,,,,,,,,,
,495VJ,-8.82E-07,-1.52E-07,2.01E-06,0,C1,110,,,,,,,,,
,430PJ,-9.13E-07,-3.07E-08,-5.05E-07,0,C1,111,,,,,,,,,
,515RK,-6.80E-07,1.06E-07,-2.14E-06,0,C1,110,,,,,,,,,
,515VK,-6.21E-07,-1.93E-07,2.23E-06,0,C1,111,,,,,,,,,
,530RL,-4.81E-07,1.34E-07,-2.31E-06,0,C1,120,,,,,,,,,
,530VL,-4.24E-07,-1.51E-07,2.42E-06,0,C1,108,,,,,,,,,
,495PL,-4.75E-07,5.04E-08,-1.43E-06,0,C1,0,,,,,,,,,
,530X+,2.82E-06,2.13E-07,-1.21E-07,0,C1,0,,,,,,,,,
,530X-,-3.59E-06,-1.55E-07,2.33E-07,0,C1,0,,,,,,,,,
,530Y+,-4.42E-07,-3.19E-06,1.03E-07,0,C1,108,,,,,,,,,
,530Y-,-4.49E-07,3.11E-06,3.25E-08,0,C1,0,,,,,,,,,
,530ZB,-4.34E-07,1.82E-07,-2.30E-06,0,C1,106,,,,,,,,,
,530LL,-4.50E-07,2.27E-07,-2.51E-06,0,C1,101,,,,,,,,,
,530QL,-3.84E-07,-1.32E-07,2.35E-06,0,C1,104,,,,,,,,,
,540RM,-3.75E-07,1.43E-07,-2.47E-06,0,C1,104,,,,,,,,,
,540VM,-3.01E-07,-1.43E-07,2.51E-06,0,C1,104,,,,,,,,,
,550RN,-2.72E-07,1.36E-07,-2.65E-06,0,C1,103,,,,,,,,,
,550VN,-2.22E-07,-1.64E-07,2.68E-06,0,C1,104,,,,,,,,,
,530PN,-2.49E-07,1.33E-07,-2.06E-06,0,C1,103,,,,,,,,,Id:14POPI02A,in:,0,az:,90,dip:,0,str:,0,m:,1.22,com:35_R,,,,,
L:,-24.47,G:,-65.42,H:0000,T:2014,9,14,0,0,azm:,0,azs:,0,Or:A12_0_3_90,Fm:,||Li:ceramique|Loc:jujuy
,0D0,2.23E-06,-2.08E-08,-2.51E-07,0,C1,53,,,,,,,,,
,100RA,2.22E-06,1.23E-08,-2.73E-07,0,C1,53,,,,,,,,,
,100VA,2.22E-06,-1.29E-07,-2.37E-07,0,C1,55,,,,,,,,,
,150RB,2.21E-06,8.30E-08,-2.89E-07,0,C1,55,,,,,,,,,
,150VB,2.21E-06,-4.49E-09,-2.19E-07,0,C1,55,,,,,,,,,
,200RC,2.19E-06,9.40E-08,-3.03E-07,0,C1,55,,,,,,,,,
,200VC,2.19E-06,-2.05E-08,-2.05E-07,0,C1,55,,,,,,,,,
,250RD,2.13E-06,-1.36E-08,-3.13E-07,0,C1,54,,,,,,,,,
,250VD,2.13E-06,-1.29E-07,-1.65E-07,0,C1,55,,,,,,,,,
,100PD,2.12E-06,-2.24E-08,-2.07E-07,0,C1,56,,,,,,,,,
,300RE,2.05E-06,-5.61E-08,-3.39E-07,0,C1,54,,,,,,,,,
,300VE,2.06E-06,-3.75E-08,-7.85E-08,0,C1,56,,,,,,,,,
,340RF,1.97E-06,-3.16E-08,-3.54E-07,0,C1,59,,,,,,,,,
,340VF,1.98E-06,-3.67E-08,-5.08E-08,0,C1,59,,,,,,,,,
,250PF,1.98E-06,-7.34E-08,-1.63E-07,0,C1,56,,,,,,,,,
,385RG,1.83E-06,5.98E-08,-4.09E-07,0,C1,53,,,,,,,,,
,385VG,1.84E-06,-4.24E-08,-7.60E-09,0,C1,54,,,,,,,,,
,430RH,1.60E-06,-1.32E-08,-4.88E-07,0,C1,55,,,,,,,,,
,430VH,1.61E-06,-3.25E-08,9.53E-08,0,C1,56,,,,,,,,,
,340PH,1.60E-06,-4.63E-08,-1.78E-07,0,C1,0,,,,,,,,,
,470RI,1.26E-06,2.57E-09,-6.12E-07,0,C1,54,,,,,,,,,
,470VI,1.29E-06,4.10E-08,2.78E-07,0,C1,53,,,,,,,,,
,495RJ,1.00E-06,-1.26E-08,-6.49E-07,0,C1,52,,,,,,,,,
,495VJ,1.03E-06,-1.11E-09,4.47E-07,0,C1,54,,,,,,,,,
,430PJ,1.01E-06,4.13E-08,-1.49E-07,0,C1,53,,,,,,,,,
,515RK,8.01E-07,2.11E-08,-7.85E-07,0,C1,53,,,,,,,,,
,515VK,8.38E-07,1.67E-08,5.55E-07,0,C1,52,,,,,,,,,
,530RL,6.37E-07,-1.87E-08,-8.67E-07,0,C1,52,,,,,,,,,
,530VL,6.74E-07,3.93E-09,6.72E-07,0,C1,51,,,,,,,,,
,495PL,6.22E-07,3.45E-08,-4.55E-07,0,C1,0,,,,,,,,,
,530X+,1.79E-06,-4.76E-08,-7.59E-08,0,C1,0,,,,,,,,,
,530X-,-4.88E-07,-2.56E-08,-7.07E-08,0,C1,58,,,,,,,,,
,530Y+,7.57E-07,-1.22E-06,-8.64E-08,0,C1,0,,,,,,,,,
,530Y-,4.62E-07,1.19E-06,-6.30E-08,0,C1,59,,,,,,,,,
,530ZB,5.81E-07,-8.67E-09,-8.09E-07,0,C1,51,,,,,,,,,
,530LL,5.75E-07,5.84E-09,-8.78E-07,0,C1,53,,,,,,,,,
,530QL,6.27E-07,-1.04E-09,6.53E-07,0,C1,0,,,,,,,,,
,540RM,4.94E-07,5.42E-09,-9.16E-07,0,C1,49,,,,,,,,,
,540VM,5.47E-07,1.83E-09,7.66E-07,0,C1,50,,,,,,,,,
,550RN,3.81E-07,-3.51E-09,-1.00E-06,0,C1,55,,,,,,,,,
,550VN,4.50E-07,-3.17E-09,8.88E-07,0,C1,0,,,,,,,,,
,530PN,3.85E-07,-2.74E-09,-6.40E-07,0,C1,50,,,,,,,,,
,560RO,2.60E-07,3.51E-09,-1.13E-06,0,C1,49,,,,,,,,,
,560VO,3.57E-07,3.03E-10,1.03E-06,0,C1,51,,,,,,,,,
,570RP,1.79E-07,1.55E-08,-1.17E-06,0,C1,51,,,,,,,,,
,570VP,2.88E-07,-9.54E-09,1.10E-06,0,C1,50,,,,,,,,,
,550PP,2.23E-07,1.82E-08,-8.61E-07,0,C1,0,,,,,,,,,Id:14POPI02B,in:,0,az:,90,dip:,0,str:,0,m:,1.99,com:35_R,,,,,
L:,-24.47,G:,-65.42,H:0000,T:2014,9,14,0,0,azm:,0,azs:,0,Or:A12_0_3_90,Fm:,||Li:ceramique|Loc:jujuy
,0D0,3.35E-06,2.99E-08,-4.81E-07,0,C1,68,,,,,,,,,
,100RA,3.35E-06,1.53E-07,-4.84E-07,0,C1,68,,,,,,,,,
,100VA,3.35E-06,9.20E-08,-4.45E-07,0,C1,68,,,,,,,,,
,150RB,3.35E-06,8.25E-08,-4.89E-07,0,C1,68,,,,,,,,,
,150VB,3.35E-06,3.93E-08,-3.74E-07,0,C1,0,,,,,,,,,
,200RC,3.32E-06,6.57E-08,-4.89E-07,0,C1,68,,,,,,,,,
,200VC,3.31E-06,-1.90E-08,-3.31E-07,0,C1,69,,,,,,,,,
,250RD,3.22E-06,5.47E-08,-5.10E-07,0,C1,68,,,,,,,,,
,250VD,3.21E-06,1.55E-08,-2.80E-07,0,C1,68,,,,,,,,,
,100PD,3.20E-06,3.95E-08,-3.46E-07,0,C1,70,,,,,,,,,
,300RE,3.12E-06,1.29E-07,-5.26E-07,0,C1,70,,,,,,,,,
,300VE,3.11E-06,1.64E-07,-2.11E-07,0,C1,69,,,,,,,,,
,340RF,3.00E-06,1.12E-08,-5.14E-07,0,C1,68,,,,,,,,,
,340VF,2.99E-06,2.52E-08,-1.04E-07,0,C1,68,,,,,,,,,
,250PF,2.98E-06,-5.09E-08,-3.40E-07,0,C1,69,,,,,,,,,
,385RG,2.78E-06,1.88E-08,-6.33E-07,0,C1,69,,,,,,,,,
,385VG,2.79E-06,-1.12E-07,-2.69E-08,0,C1,69,,,,,,,,,
,430RH,2.43E-06,3.73E-08,-7.59E-07,0,C1,67,,,,,,,,,
,430VH,2.45E-06,6.28E-08,1.70E-07,0,C1,71,,,,,,,,,
,340PH,2.44E-06,1.64E-09,-2.74E-07,0,C1,0,,,,,,,,,
,470RI,1.95E-06,-2.88E-09,-9.55E-07,0,C1,71,,,,,,,,,
,470VI,1.97E-06,6.23E-08,4.12E-07,0,C1,75,,,,,,,,,
,495RJ,1.56E-06,4.87E-08,-1.11E-06,0,C1,66,,,,,,,,,
,495VJ,1.60E-06,9.61E-08,6.65E-07,0,C1,66,,,,,,,,,
,430PJ,1.57E-06,2.75E-08,-2.63E-07,0,C1,68,,,,,,,,,
,515RK,1.25E-06,2.45E-08,-1.25E-06,0,C1,72,,,,,,,,,
,515VK,1.29E-06,1.78E-08,8.55E-07,0,C1,66,,,,,,,,,
,530RL,9.82E-07,-2.86E-08,-1.35E-06,0,C1,67,,,,,,,,,
,530VL,1.02E-06,3.51E-08,1.07E-06,0,C1,67,,,,,,,,,
,495PL,9.53E-07,-6.51E-08,-7.03E-07,0,C1,66,,,,,,,,,
,530X+,2.74E-06,-7.25E-08,-1.94E-07,0,C1,66,,,,,,,,,
,530X-,-7.33E-07,-2.30E-08,-5.05E-08,0,C1,69,,,,,,,,,
,530Y+,1.12E-06,-1.73E-06,-2.25E-07,0,C1,65,,,,,,,,,
,530Y-,5.71E-07,1.79E-06,-1.80E-08,0,C1,0,,,,,,,,,
,530ZB,8.99E-07,-2.73E-09,-1.31E-06,0,C1,63,,,,,,,,,
,530LL,8.89E-07,2.51E-08,-1.39E-06,0,C1,63,,,,,,,,,
,530QL,9.65E-07,3.07E-08,1.02E-06,0,C1,63,,,,,,,,,
,540RM,7.58E-07,-2.98E-08,-1.46E-06,0,C1,70,,,,,,,,,
,540VM,8.34E-07,5.41E-08,1.20E-06,0,C1,64,,,,,,,,,
,550RN,6.01E-07,-9.75E-09,-1.57E-06,0,C1,0,,,,,,,,,
,550VN,6.80E-07,1.66E-08,1.37E-06,0,C1,62,,,,,,,,,
,530PN,6.05E-07,5.83E-09,-1.04E-06,0,C1,0,,,,,,,,,
,560RO,4.58E-07,-4.88E-08,-1.70E-06,0,C1,69,,,,,,,,,
,560VO,5.56E-07,4.30E-08,1.52E-06,0,C1,0,,,,,,,,,
,570RP,3.44E-07,-2.05E-08,-1.75E-06,0,C1,69,,,,,,,,,
,570VP,4.38E-07,3.68E-08,1.62E-06,0,C1,70,,,,,,,,,
,550PP,3.83E-07,-6.01E-09,-1.41E-06,0,C1,66,,,,,,,,,
,580RQ,2.47E-07,-2.57E-08,-1.81E-06,0,C1,65,,,,,,,,,
,580VQ,3.39E-07,4.71E-08,1.71E-06,0,C1,66,,,,,,,,,
,590RR,1.32E-07,-2.29E-08,-1.85E-06,0,C1,0,,,,,,,,,
,590VR,2.43E-07,5.13E-09,1.76E-06,0,C1,62,,,,,,,,,
,570PR,1.38E-07,-1.59E-08,-1.60E-06,0,C1,63,,,,,,,,,Id:14POPI02C,in:,0,az:,90,dip:,0,str:,0,m:,1.24,com:35_R,,,,,
L:,-24.47,G:,-65.42,H:0000,T:2014,9,14,0,0,azm:,0,azs:,0,Or:A12_0_3_90,Fm:,||Li:ceramique|Loc:jujuy
,0N0,2.54E-06,3.27E-07,-2.70E-07,0,C1,44,,,,,,,,,
,150RA,2.53E-06,3.44E-07,-2.99E-07,0,C1,43,,,,,,,,,
,150VA,2.54E-06,2.42E-07,-2.09E-07,0,C1,46,,,,,,,,,
,240RB,2.48E-06,1.68E-07,-3.02E-07,0,C1,47,,,,,,,,,
,240VB,2.46E-06,3.04E-07,-1.57E-07,0,C1,47,,,,,,,,,
,300RC,2.40E-06,1.56E-07,-3.36E-07,0,C1,45,,,,,,,,,
,300VC,2.38E-06,2.77E-07,-9.46E-08,0,C1,47,,,,,,,,,
,150PC,2.38E-06,2.08E-07,-1.88E-07,0,C1,46,,,,,,,,,
,350RD,2.31E-06,1.60E-07,-3.61E-07,0,C1,46,,,,,,,,,
,350VD,2.33E-06,1.18E-07,4.51E-08,0,C1,45,,,,,,,,,
,390RE,2.20E-06,2.12E-07,-4.22E-07,0,C1,46,,,,,,,,,
,390VE,2.19E-06,1.39E-07,4.10E-08,0,C1,0,,,,,,,,,
,300PE,2.18E-06,1.08E-07,-1.91E-07,0,C1,45,,,,,,,,,
,440RF,1.90E-06,1.31E-07,-5.35E-07,0,C1,46,,,,,,,,,
,440VF,1.87E-06,1.17E-07,1.98E-07,0,C1,45,,,,,,,,,
,480RG,1.55E-06,9.05E-08,-6.91E-07,0,C1,48,,,,,,,,,
,480VG,1.51E-06,5.82E-08,4.53E-07,0,C1,45,,,,,,,,,
,390PG,1.50E-06,7.69E-08,-1.57E-09,0,C1,0,,,,,,,,,
,510RH,1.14E-06,1.30E-07,-8.69E-07,0,C1,43,,,,,,,,,
,510VH,1.13E-06,1.49E-09,5.87E-07,0,C1,0,,,,,,,,,
,530RI,1.02E-06,8.26E-08,-9.10E-07,0,C1,45,,,,,,,,,
,530VI,9.28E-07,1.19E-08,8.12E-07,0,C1,45,,,,,,,,,
,480PI,8.90E-07,1.56E-08,-2.74E-07,0,C1,0,,,,,,,,,
,530X+,2.12E-06,1.25E-08,-9.16E-08,0,C1,0,,,,,,,,,
,530X-,-4.43E-07,2.56E-08,-3.40E-08,0,C1,42,,,,,,,,,
,530Y+,7.42E-07,-1.29E-06,-4.48E-08,0,C1,0,,,,,,,,,
,530Y-,6.92E-07,1.17E-06,-6.84E-08,0,C1,0,,,,,,,,,
,530ZB,7.22E-07,3.42E-09,-1.01E-06,0,C1,44,,,,,,,,,
,530LL,7.43E-07,4.60E-08,-1.05E-06,0,C1,0,,,,,,,,,
,530QL,7.92E-07,1.16E-08,7.29E-07,0,C1,0,,,,,,,,,
,540RJ,6.13E-07,2.28E-08,-1.12E-06,0,C1,0,,,,,,,,,
,540VJ,6.57E-07,-2.68E-08,9.85E-07,0,C1,42,,,,,,,,,
,550RK,5.08E-07,1.94E-08,-1.19E-06,0,C1,0,,,,,,,,,
,550VK,5.80E-07,-1.01E-08,1.05E-06,0,C1,43,,,,,,,,,
,530PK,5.30E-07,4.71E-08,-7.76E-07,0,C1,0,,,,,,,,,
,560RL,4.15E-07,2.32E-08,-1.27E-06,0,C1,45,,,,,,,,,
,560VL,4.74E-07,-1.21E-08,1.16E-06,0,C1,0,,,,,,,,,
,570RM,2.86E-07,4.12E-08,-1.34E-06,0,C1,0,,,,,,,,,
,570VM,3.68E-07,-2.90E-08,1.21E-06,0,C1,43,,,,,,,,,
,550PM,2.60E-07,-9.91E-10,-1.05E-06,0,C1,0,,,,,,,,,
,580RN,2.48E-07,2.74E-08,-1.34E-06,0,C1,43,,,,,,,,,
,580VN,3.35E-07,-2.27E-08,1.28E-06,0,C1,0,,,,,,,,,
,590RO,1.63E-07,3.78E-08,-1.38E-06,0,C1,0,,,,,,,,,
,590VO,2.51E-07,-1.66E-08,1.33E-06,0,C1,43,,,,,,,,,Id:14POPI05A,in:,0,az:,90,dip:,0,str:,0,m:,1.74,com:35_R,,,,,
L:,-24.47,G:,-65.42,H:0000,T:2014,9,14,0,0,azm:,0,azs:,0,Or:A12_0_3_90,Fm:,||Li:ceramique|Loc:jujuy
,0D0,-2.58E-06,-1.39E-06,-5.75E-07,0,C1,70,,,,,,,,,
,150RA,-2.68E-06,-1.33E-06,-7.06E-07,0,C1,75,,,,,,,,,
,150VA,-2.71E-06,-1.21E-06,-4.78E-07,0,C1,70,,,,,,,,,
,240RB,-2.56E-06,-1.17E-06,-8.27E-07,0,C1,77,,,,,,,,,
,240VB,-2.55E-06,-1.24E-06,-3.36E-07,0,C1,0,,,,,,,,,
,300RC,-2.48E-06,-1.03E-06,-9.13E-07,0,C1,74,,,,,,,,,
,300VC,-2.42E-06,-1.17E-06,-2.40E-07,0,C1,75,,,,,,,,,
,150PC,-2.47E-06,-1.05E-06,-4.82E-07,0,C1,73,,,,,,,,,
,350RD,-2.34E-06,-9.52E-07,-9.47E-07,0,C1,0,,,,,,,,,
,350VD,-2.32E-06,-1.04E-06,-1.44E-07,0,C1,776,,,,,,,,,
,390RE,-2.21E-06,-9.42E-07,-1.03E-06,0,C1,75,,,,,,,,,
,390VE,-2.21E-06,-9.95E-07,-7.14E-08,0,C1,74,,,,,,,,,
,300PE,-2.15E-06,-1.00E-06,-7.24E-07,0,C1,72,,,,,,,,,
,440RF,-2.02E-06,-7.96E-07,-1.09E-06,0,C1,74,,,,,,,,,
,440VF,-1.89E-06,-9.96E-07,1.74E-07,0,C1,76,,,,,,,,,
,480RG,-1.67E-06,-6.49E-07,-1.25E-06,0,C1,75,,,,,,,,,
,480VG,-1.60E-06,-7.86E-07,4.21E-07,0,C1,73,,,,,,,,,
,390PG,-1.63E-06,-7.29E-07,-6.15E-07,0,C1,0,,,,,,,,,
,510RH,-1.40E-06,-4.97E-07,-1.40E-06,0,C1,73,,,,,,,,,
,510VH,-1.32E-06,-6.82E-07,6.71E-07,0,C1,75,,,,,,,,,
,530RI,-1.27E-06,-4.28E-07,-1.48E-06,0,C1,73,,,,,,,,,
,530VI,-1.09E-06,-6.19E-07,1.01E-06,0,C1,0,,,,,,,,,
,480PI,-1.13E-06,-4.60E-07,-7.02E-07,0,C1,73,,,,,,,,,
,530X+,5.59E-07,-3.62E-07,-2.27E-07,0,C1,0,,,,,,,,,
,530X-,-2.62E-06,-5.95E-07,-1.94E-07,0,C1,74,,,,,,,,,
,530Y+,-8.66E-07,-2.16E-06,-1.39E-07,0,C1,0,,,,,,,,,
,530Y-,-1.19E-06,1.18E-06,-3.04E-07,0,C1,0,,,,,,,,,
,530ZB,-1.10E-06,-2.63E-07,-1.44E-06,0,C1,73,,,,,,,,,
,530LL,-1.08E-06,-3.31E-07,-1.52E-06,0,C1,0,,,,,,,,,
,530QL,-1.02E-06,-5.25E-07,9.18E-07,0,C1,0,,,,,,,,,
,540RJ,-1.02E-06,-2.40E-07,-1.65E-06,0,C1,78,,,,,,,,,
,540VJ,-8.75E-07,-5.61E-07,1.20E-06,0,C1,72,,,,,,,,,
,550RK,-9.29E-07,-2.10E-07,-1.77E-06,0,C1,0,,,,,,,,,
,550VK,-8.70E-07,-4.74E-07,1.26E-06,0,C1,82,,,,,,,,,
,530PK,-8.89E-07,-2.17E-07,-1.28E-06,0,C1,73,,,,,,,,,
,560RL,-7.33E-07,-9.50E-08,-2.09E-06,0,C1,74,,,,,,,,,
,560VL,-6.31E-07,-4.42E-07,1.49E-06,0,C1,72,,,,,,,,,
,570RM,-6.32E-07,-6.30E-08,-2.20E-06,0,C1,71,,,,,,,,,
,570VM,-5.19E-07,-3.84E-07,1.91E-06,0,C1,0,,,,,,,,,
,550PM,-5.96E-07,-5.99E-08,-1.32E-06,0,C1,0,,,,,,,,,
,580RN,-4.55E-07,3.17E-08,-2.39E-06,0,C1,72,,,,,,,,,
,580VN,-3.51E-07,-3.37E-07,2.09E-06,0,C1,0,,,,,,,,,
,590RO,-2.95E-07,1.16E-07,-2.55E-06,0,C1,0,,,,,,,,,
,590VO,-2.16E-07,-2.83E-07,2.26E-06,0,C1,76,,,,,,,,,Id:14POPI05B,in:,0,az:,90,dip:,0,str:,0,m:,1.4,com:35_R,,,,,
L:,-24.47,G:,-65.42,H:0000,T:2014,9,14,0,0,azm:,0,azs:,0,Or:A12_0_3_90,Fm:,||Li:ceramique|Loc:jujuy
,0N0,-1.75E-06,-1.33E-06,-3.94E-07,0,C1,48,,,,,,,,,
,150RA,-1.82E-06,-1.30E-06,-4.75E-07,0,C1,50,,,,,,,,,
,150VA,-1.81E-06,-1.30E-06,-3.35E-07,0,C1,50,,,,,,,,,
,240RB,-1.66E-06,-1.23E-06,-5.92E-07,0,C1,50,,,,,,,,,
,240VB,-1.65E-06,-1.23E-06,-2.34E-07,0,C1,50,,,,,,,,,
,300RC,-1.59E-06,-1.13E-06,-6.12E-07,0,C1,51,,,,,,,,,
,300VC,-1.53E-06,-1.19E-06,-1.33E-07,0,C1,50,,,,,,,,,
,150PC,-1.54E-06,-1.17E-06,-2.97E-07,0,C1,0,,,,,,,,,
,350RD,-1.57E-06,-9.92E-07,-6.65E-07,0,C1,50,,,,,,,,,
,350VD,-1.45E-06,-1.09E-06,-4.33E-08,0,C1,51,,,,,,,,,
,390RE,-1.44E-06,-9.96E-07,-7.00E-07,0,C1,49,,,,,,,,,
,390VE,-1.36E-06,-1.04E-06,1.95E-08,0,C1,50,,,,,,,,,
,300PE,-1.40E-06,-1.02E-06,-4.73E-07,0,C1,49,,,,,,,,,
,440RF,-1.27E-06,-9.02E-07,-7.81E-07,0,C1,50,,,,,,,,,
,440VF,-1.23E-06,-8.82E-07,1.64E-07,0,C1,48,,,,,,,,,
,480RG,-1.10E-06,-7.35E-07,-8.77E-07,0,C1,53,,,,,,,,,
,480VG,-9.88E-07,-7.77E-07,3.67E-07,0,C1,46,,,,,,,,,
,390PG,-1.05E-06,-7.36E-07,-3.91E-07,0,C1,48,,,,,,,,,
,510RH,-9.11E-07,-5.67E-07,-9.95E-07,0,C1,48,,,,,,,,,
,510VH,-7.86E-07,-6.52E-07,4.70E-07,0,C1,45,,,,,,,,,
,530RI,-8.24E-07,-5.17E-07,-1.01E-06,0,C1,45,,,,,,,,,
,530VI,-6.20E-07,-5.93E-07,7.23E-07,0,C1,47,,,,,,,,,
,480PI,-7.36E-07,-4.65E-07,-4.84E-07,0,C1,0,,,,,,,,,
,530X+,5.25E-07,-4.50E-07,-1.24E-07,0,C1,47,,,,,,,,,
,530X-,-1.81E-06,-5.65E-07,-1.54E-07,0,C1,47,,,,,,,,,
,530Y+,-5.83E-07,-1.76E-06,-1.02E-07,0,C1,0,,,,,,,,,
,530Y-,-7.67E-07,7.77E-07,-1.97E-07,0,C1,47,,,,,,,,,
,530ZB,-7.01E-07,-4.19E-07,-1.04E-06,0,C1,49,,,,,,,,,
,530LL,-7.09E-07,-4.13E-07,-1.12E-06,0,C1,0,,,,,,,,,
,530QL,-5.81E-07,-5.12E-07,7.01E-07,0,C1,47,,,,,,,,,
,540RJ,-6.37E-07,-3.25E-07,-1.21E-06,0,C1,47,,,,,,,,,
,540VJ,-4.75E-07,-4.50E-07,9.10E-07,0,C1,47,,,,,,,,,
,550RK,-5.90E-07,-2.72E-07,-1.31E-06,0,C1,47,,,,,,,,,
,550VK,-4.10E-07,-4.16E-07,1.00E-06,0,C1,47,,,,,,,,,
,530PK,-5.42E-07,-2.99E-07,-8.10E-07,0,C1,48,,,,,,,,,
,560RL,-4.69E-07,-2.23E-07,-1.48E-06,0,C1,0,,,,,,,,,
,560VL,-2.82E-07,-3.54E-07,1.23E-06,0,C1,50,,,,,,,,,
,570RM,-3.95E-07,-1.18E-07,-1.60E-06,0,C1,0,,,,,,,,,
,570VM,-1.56E-07,-2.82E-07,1.41E-06,0,C1,46,,,,,,,,,
,550PM,-3.56E-07,-1.31E-07,-1.03E-06,0,C1,50,,,,,,,,,
,580RN,-3.33E-07,-5.00E-08,-1.64E-06,0,C1,0,,,,,,,,,
,580VN,-8.39E-08,-2.40E-07,1.52E-06,0,C1,45,,,,,,,,,
,590RO,-2.82E-07,-1.64E-08,-1.70E-06,0,C1,46,,,,,,,,,
,590VO,-2.55E-08,-2.03E-07,1.61E-06,0,C1,45,,,,,,,,,Id:14POPI06A,in:,0,az:,90,dip:,0,str:,0,m:,2.14,com:35_R,,,,,
L:,-24.47,G:,-65.42,H:0000,T:2014,9,14,0,0,azm:,0,azs:,0,Or:A12_0_3_90,Fm:,||Li:ceramique|Loc:jujuy
,0D0,1.21E-05,1.42E-06,-2.75E-06,0,C1,211,,,,,,,,,
,100RA,1.20E-05,1.98E-06,-2.89E-06,0,C1,212,,,,,,,,,
,100VA,1.21E-05,1.71E-06,-2.67E-06,0,C1,211,,,,,,,,,
,150RB,1.22E-05,1.68E-06,-3.04E-06,0,C1,218,,,,,,,,,
,150VB,1.21E-05,1.90E-06,-2.62E-06,0,C1,221,,,,,,,,,
,200RC,1.20E-05,2.26E-06,-3.20E-06,0,C1,226,,,,,,,,,
,200VC,1.21E-05,1.03E-06,-2.66E-06,0,C1,226,,,,,,,,,
,250RD,1.19E-05,1.74E-06,-3.35E-06,0,C1,232,,,,,,,,,
,250VD,1.18E-05,1.52E-06,-2.61E-06,0,C1,235,,,,,,,,,
,100PD,1.18E-05,1.41E-06,-2.88E-06,0,C1,0,,,,,,,,,
,300RE,1.13E-05,1.89E-06,-3.60E-06,0,C1,242,,,,,,,,,
,300VE,1.12E-05,2.07E-06,-2.48E-06,0,C1,229,,,,,,,,,
,340RF,1.11E-05,1.40E-06,-3.70E-06,0,C1,230,,,,,,,,,
,340VF,1.10E-05,1.68E-06,-2.38E-06,0,C1,229,,,,,,,,,
,250PF,1.12E-05,1.38E-06,-2.89E-06,0,C1,231,,,,,,,,,
,385RG,1.07E-05,1.72E-06,-3.91E-06,0,C1,229,,,,,,,,,
,385VG,1.07E-05,8.89E-07,-2.07E-06,0,C1,231,,,,,,,,,
,430RH,1.01E-05,8.91E-07,-3.96E-06,0,C1,227,,,,,,,,,
,430VH,9.81E-06,1.47E-06,-1.63E-06,0,C1,231,,,,,,,,,
,340PH,9.88E-06,1.15E-06,-2.82E-06,0,C1,243,,,,,,,,,
,470RI,8.67E-06,8.76E-07,-4.37E-06,0,C1,237,,,,,,,,,
,470VI,8.35E-06,9.29E-07,-5.25E-07,0,C1,0,,,,,,,,,
,495RJ,7.22E-06,6.59E-07,-4.46E-06,0,C1,231,,,,,,,,,
,495VJ,6.88E-06,9.64E-07,7.53E-07,0,C1,230,,,,,,,,,
,430PJ,7.06E-06,6.75E-07,-1.74E-06,0,C1,234,,,,,,,,,
,515RK,6.03E-06,5.93E-07,-5.26E-06,0,C1,230,,,,,,,,,
,515VK,5.50E-06,5.56E-07,1.90E-06,0,C1,234,,,,,,,,,
,530RL,5.03E-06,3.33E-07,-5.57E-06,0,C1,231,,,,,,,,,
,530VL,4.35E-06,6.39E-07,2.79E-06,0,C1,233,,,,,,,,,
,495PL,4.68E-06,5.14E-07,-2.88E-06,0,C1,231,,,,,,,,,
,530X+,1.07E-05,6.05E-07,-1.80E-06,0,C1,228,,,,,,,,,
,530X-,-1.56E-06,6.73E-07,-6.77E-07,0,C1,228,,,,,,,,,
,530Y+,4.73E-06,-5.94E-06,-1.33E-06,0,C1,237,,,,,,,,,
,530Y-,4.13E-06,6.89E-06,-1.09E-06,0,C1,230,,,,,,,,,
,530ZB,4.59E-06,4.49E-07,-5.21E-06,0,C1,0,,,,,,,,,
,530LL,4.66E-06,5.14E-07,-5.55E-06,0,C1,0,,,,,,,,,
,530QL,4.07E-06,5.25E-07,2.81E-06,0,C1,228,,,,,,,,,
,540RM,4.27E-06,2.42E-07,-5.85E-06,0,C1,240,,,,,,,,,
,540VM,3.60E-06,5.93E-07,3.52E-06,0,C1,227,,,,,,,,,
,550RN,3.51E-06,3.32E-07,-6.12E-06,0,C1,230,,,,,,,,,
,550VN,2.84E-06,4.89E-07,4.24E-06,0,C1,228,,,,,,,,,
,530PN,3.35E-06,3.27E-07,-4.33E-06,0,C1,228,,,,,,,,,
,560RO,2.69E-06,1.40E-07,-6.49E-06,0,C1,226,,,,,,,,,
,560VO,1.83E-06,3.12E-07,5.14E-06,0,C1,0,,,,,,,,,
,570RP,1.95E-06,4.80E-08,-6.70E-06,0,C1,0,,,,,,,,,
,570VP,1.17E-06,3.34E-07,5.75E-06,0,C1,244,,,,,,,,,
,550PP,1.98E-06,6.16E-08,-5.00E-06,0,C1,229,,,,,,,,,
,580RQ,1.44E-06,-1.25E-08,-6.90E-06,0,C1,231,,,,,,,,,
,580VQ,5.48E-07,2.11E-07,6.35E-06,0,C1,252,,,,,,,,,
,590RR,7.42E-07,5.79E-08,-7.14E-06,0,C1,230,,,,,,,,,
,590VR,2.17E-08,8.91E-08,6.81E-06,0,C1,228,,,,,,,,,
,570PR,7.74E-07,-1.48E-07,-5.87E-06,0,C1,231,,,,,,,,,Id:14POPI06B,in:,0,az:,90,dip:,0,str:,0,m:,2.54,com:35_R,,,,,
L:,-24.47,G:,-65.42,H:0000,T:2014,9,14,0,0,azm:,0,azs:,0,Or:A12_0_3_90,Fm:,||Li:ceramique|Loc:jujuy
,0D0,1.46E-05,-2.00E-06,-3.72E-06,0,C1,228,,,,,,,,,
,100RA,1.47E-05,-1.45E-06,-3.79E-06,0,C1,228,,,,,,,,,
,100VA,1.47E-05,-1.48E-06,-3.66E-06,0,C1,231,,,,,,,,,
,150RB,1.48E-05,-1.10E-06,-4.00E-06,0,C1,232,,,,,,,,,
,150VB,1.48E-05,-1.46E-06,-3.64E-06,0,C1,230,,,,,,,,,
,200RC,1.47E-05,-1.67E-06,-4.08E-06,0,C1,238,,,,,,,,,
,200VC,1.46E-05,-1.34E-06,-3.47E-06,0,C1,241,,,,,,,,,
,250RD,1.43E-05,-1.25E-06,-4.28E-06,0,C1,242,,,,,,,,,
,250VD,1.42E-05,-1.63E-06,-3.39E-06,0,C1,246,,,,,,,,,
,100PD,1.41E-05,-1.72E-06,-3.75E-06,0,C1,243,,,,,,,,,
,300RE,1.38E-05,-1.90E-06,-4.27E-06,0,C1,246,,,,,,,,,
,300VE,1.38E-05,-1.32E-06,-3.28E-06,0,C1,242,,,,,,,,,
,340RF,1.33E-05,-1.87E-06,-4.45E-06,0,C1,243,,,,,,,,,
,340VF,1.34E-05,-1.37E-06,-3.09E-06,0,C1,242,,,,,,,,,
,250PF,1.33E-05,-1.95E-06,-3.82E-06,0,C1,244,,,,,,,,,
,385RG,1.28E-05,-2.15E-06,-4.62E-06,0,C1,243,,,,,,,,,
,385VG,1.27E-05,-2.15E-06,-3.02E-06,0,C1,243,,,,,,,,,
,430RH,1.17E-05,-1.88E-06,-4.78E-06,0,C1,242,,,,,,,,,
,430VH,1.17E-05,-1.57E-06,-2.06E-06,0,C1,243,,,,,,,,,
,340PH,1.17E-05,-1.59E-06,-3.37E-06,0,C1,244,,,,,,,,,
,470RI,1.01E-05,-1.33E-06,-5.11E-06,0,C1,247,,,,,,,,,
,470VI,1.00E-05,-8.24E-07,-1.03E-06,0,C1,245,,,,,,,,,
,495RJ,8.43E-06,-8.06E-07,-5.45E-06,0,C1,236,,,,,,,,,
,495VJ,8.30E-06,-5.12E-07,3.23E-07,0,C1,242,,,,,,,,,
,430PJ,8.35E-06,-6.13E-07,-2.33E-06,0,C1,245,,,,,,,,,
,515RK,6.79E-06,-1.16E-06,-5.85E-06,0,C1,244,,,,,,,,,
,515VK,6.63E-06,-9.69E-07,1.55E-06,0,C1,243,,,,,,,,,
,530RL,5.37E-06,-9.17E-07,-6.02E-06,0,C1,244,,,,,,,,,
,530VL,5.13E-06,-2.48E-07,2.87E-06,0,C1,244,,,,,,,,,
,495PL,5.21E-06,-6.86E-07,-3.05E-06,0,C1,243,,,,,,,,,
,530X+,1.22E-05,-3.56E-07,-1.80E-06,0,C1,246,,,,,,,,,
,530X-,-1.70E-06,-9.84E-07,-1.15E-06,0,C1,242,,,,,,,,,
,530Y+,5.19E-06,-7.65E-06,-2.14E-06,0,C1,240,,,,,,,,,
,530Y-,4.21E-06,6.13E-06,-7.50E-07,0,C1,242,,,,,,,,,
,530ZB,4.93E-06,-9.78E-07,-5.83E-06,0,C1,241,,,,,,,,,
,530LL,5.04E-06,-1.01E-06,-6.16E-06,0,C1,240,,,,,,,,,
,530QL,4.98E-06,-4.37E-07,2.66E-06,0,C1,244,,,,,,,,,
,540RM,4.45E-06,-8.97E-07,-6.36E-06,0,C1,242,,,,,,,,,
,540VM,4.26E-06,-3.03E-07,3.58E-06,0,C1,240,,,,,,,,,
,550RN,3.46E-06,-8.84E-07,-6.61E-06,0,C1,245,,,,,,,,,
,550VN,3.23E-06,4.10E-08,4.44E-06,0,C1,242,,,,,,,,,
,530PN,3.38E-06,-5.30E-07,-4.60E-06,0,C1,243,,,,,,,,,
,560RO,2.39E-06,-5.88E-07,-6.94E-06,0,C1,244,,,,,,,,,
,560VO,2.13E-06,4.58E-08,5.38E-06,0,C1,239,,,,,,,,,
,570RP,1.48E-06,-6.59E-07,-7.06E-06,0,C1,240,,,,,,,,,
,570VP,1.16E-06,2.66E-07,6.12E-06,0,C1,244,,,,,,,,,
,550PP,1.49E-06,-4.71E-07,-5.35E-06,0,C1,244,,,,,,,,,Id:14POPI09A,in:,0,az:,90,dip:,0,str:,0,m:,1.53,com:35_R,,,,,
L:,-24.47,G:,-65.42,H:0000,T:2014,9,14,0,0,azm:,0,azs:,0,Or:A12_0_3_90,Fm:,||Li:ceramique|Loc:jujuy
,0D0,2.20E-07,-1.39E-06,6.87E-07,0,C1,72,,,,,,,,,
,100RA,1.94E-07,-1.38E-06,6.57E-07,0,C1,72,,,,,,,,,
,100VA,1.94E-07,-1.38E-06,6.57E-07,0,C1,72,,,,,,,,,
,150RB,2.38E-07,-1.30E-06,5.53E-07,0,C1,74,,,,,,,,,
,150VB,2.12E-07,-1.32E-06,9.10E-07,0,C1,74,,,,,,,,,
,200RC,2.36E-07,-1.13E-06,4.42E-07,0,C1,77,,,,,,,,,
,200VC,3.25E-07,-1.13E-06,1.06E-06,0,C1,78,,,,,,,,,
,250RD,2.72E-07,-7.87E-07,1.89E-07,0,C1,81,,,,,,,,,
,250VD,2.91E-07,-8.46E-07,1.32E-06,0,C1,81,,,,,,,,,
,100PD,3.08E-07,-8.28E-07,1.10E-06,0,C1,81,,,,,,,,,
,300RE,3.42E-07,-6.49E-07,4.01E-08,0,C1,83,,,,,,,,,
,300VE,4.18E-07,-7.45E-07,1.42E-06,0,C1,84,,,,,,,,,
,340RF,3.61E-07,-6.10E-07,-1.57E-07,0,C1,83,,,,,,,,,
,340VF,4.63E-07,-6.84E-07,1.51E-06,0,C1,84,,,,,,,,,
,250PF,4.33E-07,-6.18E-07,3.39E-07,0,C1,84,,,,,,,,,
,385RG,4.18E-07,-5.77E-07,-4.14E-07,0,C1,87,,,,,,,,,
,385VG,5.38E-07,-7.13E-07,1.51E-06,0,C1,86,,,,,,,,,
,430RH,4.56E-07,-5.31E-07,-6.81E-07,0,C1,89,,,,,,,,,
,430VH,5.71E-07,-6.63E-07,1.61E-06,0,C1,91,,,,,,,,,
,340PH,5.00E-07,-5.51E-07,5.72E-10,0,C1,89,,,,,,,,,
,470RI,4.28E-07,-4.12E-07,-9.53E-07,0,C1,92,,,,,,,,,
,470VI,5.19E-07,-5.86E-07,1.68E-06,0,C1,91,,,,,,,,,
,495RJ,3.29E-07,-3.18E-07,-1.17E-06,0,C1,91,,,,,,,,,
,495VJ,4.47E-07,-5.04E-07,1.78E-06,0,C1,92,,,,,,,,,
,430PJ,3.57E-07,-3.43E-07,-4.96E-07,0,C1,90,,,,,,,,,
,515RK,2.58E-07,-2.49E-07,-1.33E-06,0,C1,94,,,,,,,,,
,515VK,3.46E-07,-4.35E-07,1.82E-06,0,C1,92,,,,,,,,,
,530RL,2.11E-07,-1.66E-07,-1.44E-06,0,C1,91,,,,,,,,,
,530VL,3.02E-07,-3.66E-07,1.90E-06,0,C1,92,,,,,,,,,
,495PL,1.90E-07,-1.73E-07,-1.02E-06,0,C1,92,,,,,,,,,
,530X+,2.45E-06,-3.81E-07,1.35E-07,0,C1,0,,,,,,,,,
,530X-,-1.92E-06,-1.95E-08,3.03E-07,0,C1,91,,,,,,,,,
,530Y+,5.81E-07,-2.41E-06,2.00E-07,0,C1,93,,,,,,,,,
,530Y-,-1.25E-07,1.90E-06,2.57E-07,0,C1,91,,,,,,,,,
,530ZB,1.86E-07,-1.32E-07,-1.47E-06,0,C1,107,,,,,,,,,
,530LL,1.56E-07,-1.21E-07,-1.68E-06,0,C1,105,,,,,,,,,
,530QL,3.05E-07,-3.36E-07,1.84E-06,0,C1,92,,,,,,,,,
,540RM,1.67E-07,-1.36E-07,-1.53E-06,0,C1,93,,,,,,,,,
,540VM,2.78E-07,-3.28E-07,1.94E-06,0,C1,91,,,,,,,,,
,550RN,1.42E-07,-9.86E-08,-1.63E-06,0,C1,93,,,,,,,,,
,550VN,2.39E-07,-3.13E-07,2.00E-06,0,C1,99,,,,,,,,,
,530PN,1.50E-07,-1.02E-07,-1.36E-06,0,C1,0,,,,,,,,,
,560RO,1.02E-07,-4.89E-08,-1.78E-06,0,C1,92,,,,,,,,,
,560VO,2.27E-07,-2.54E-07,2.06E-06,0,C1,0,,,,,,,,,
,570RP,7.60E-08,-3.99E-08,-1.87E-06,0,C1,92,,,,,,,,,
,570VP,1.59E-07,-2.45E-07,2.08E-06,0,C1,0,,,,,,,,,
,550PP,1.14E-07,-2.11E-08,-1.61E-06,0,C1,0,,,,,,,,,
,580RQ,5.49E-08,1.80E-09,-1.93E-06,0,C1,95,,,,,,,,,
,580VQ,1.48E-07,-2.33E-07,2.13E-06,0,C1,95,,,,,,,,,
,590RR,-7.81E-09,-4.36E-09,-1.97E-06,0,C1,93,,,,,,,,,
,590VR,1.38E-07,-2.31E-07,2.10E-06,0,C1,92,,,,,,,,,
,570PR,3.52E-08,5.28E-09,-1.81E-06,0,C1,0,,,,,,,,,Id:14POPI09B,in:,0,az:,90,dip:,0,str:,0,m:,1.02,com:35_R,,,,,
L:,-24.47,G:,-65.42,H:0000,T:2014,9,14,0,0,azm:,0,azs:,0,Or:A12_0_3_90,Fm:,||Li:ceramique|Loc:jujuy
,0N0,1.99E-07,-8.75E-07,5.04E-07,0,C1,39,,,,,,,,,
,150RA,2.12E-07,-8.52E-07,4.22E-07,0,C1,43,,,,,,,,,
,150VA,2.00E-07,-8.47E-07,6.57E-07,0,C1,0,,,,,,,,,
,240RB,2.78E-07,-5.68E-07,1.48E-07,0,C1,42,,,,,,,,,
,240VB,2.97E-07,-5.72E-07,8.64E-07,0,C1,39,,,,,,,,,
,300RC,3.63E-07,-5.13E-07,-2.36E-08,0,C1,40,,,,,,,,,
,300VC,3.64E-07,-5.19E-07,9.20E-07,0,C1,0,,,,,,,,,
,150PC,3.67E-07,-5.33E-07,6.49E-07,0,C1,0,,,,,,,,,
,350RD,3.98E-07,-5.12E-07,-2.29E-07,0,C1,50,,,,,,,,,
,350VD,3.90E-07,-5.48E-07,9.32E-07,0,C1,0,,,,,,,,,
,390RE,4.00E-07,-5.27E-07,-3.80E-07,0,C1,53,,,,,,,,,
,390VE,3.82E-07,-5.62E-07,9.62E-07,0,C1,50,,,,,,,,,
,300PE,4.15E-07,-5.29E-07,2.76E-08,0,C1,0,,,,,,,,,
,440RF,3.91E-07,-4.46E-07,-5.81E-07,0,C1,49,,,,,,,,,
,440VF,3.69E-07,-4.88E-07,1.04E-06,0,C1,52,,,,,,,,,
,480RG,3.23E-07,-3.43E-07,-7.63E-07,0,C1,0,,,,,,,,,
,480VG,2.75E-07,-3.90E-07,1.14E-06,0,C1,55,,,,,,,,,
,390PG,2.73E-07,-3.53E-07,-1.84E-07,0,C1,56,,,,,,,,,
,510RH,2.39E-07,-2.26E-07,-9.28E-07,0,C1,51,,,,,,,,,
,510VH,1.81E-07,-2.68E-07,1.14E-06,0,C1,52,,,,,,,,,
,530RI,2.16E-07,-1.96E-07,-9.65E-07,0,C1,53,,,,,,,,,
,530VI,1.11E-07,-2.27E-07,1.24E-06,0,C1,53,,,,,,,,,
,480PI,1.73E-07,-1.89E-07,-6.11E-07,0,C1,0,,,,,,,,,
,550RK,-9.01E-08,-4.92E-07,-1.64E-06,0,C1,0,,,,,,,,,
,550VK,3.19E-07,5.71E-08,1.47E-06,0,C1,0,,,,,,,,,Id:14POPI09C,in:,0,az:,90,dip:,0,str:,0,m:,1.01,com:35_R,,,,,
L:,-24.47,G:,-65.42,H:0000,T:2014,9,14,0,0,azm:,0,azs:,0,Or:A12_0_3_90,Fm:,||Li:ceramique|Loc:jujuy
,0D0,3.62E-07,-6.56E-07,6.00E-07,0,C1,41,,,,,,,,,
,150RA,3.16E-07,-6.45E-07,5.05E-07,0,C1,46,,,,,,,,,
,150VA,3.19E-07,-6.37E-07,7.47E-07,0,C1,47,,,,,,,,,
,240RB,3.07E-07,-3.52E-07,2.78E-07,0,C1,47,,,,,,,,,
,240VB,3.22E-07,-3.51E-07,9.71E-07,0,C1,48,,,,,,,,,
,300RC,3.37E-07,-2.69E-07,8.26E-08,0,C1,51,,,,,,,,,
,300VC,3.45E-07,-2.99E-07,1.04E-06,0,C1,50,,,,,,,,,
,150PC,3.48E-07,-2.79E-07,7.69E-07,0,C1,51,,,,,,,,,
,350RD,3.90E-07,-2.62E-07,-8.86E-08,0,C1,50,,,,,,,,,
,350VD,3.98E-07,-2.88E-07,1.07E-06,0,C1,50,,,,,,,,,
,390RE,4.21E-07,-2.67E-07,-2.79E-07,0,C1,51,,,,,,,,,
,390VE,4.12E-07,-2.90E-07,1.09E-06,0,C1,50,,,,,,,,,
,300PE,4.24E-07,-2.73E-07,1.37E-07,0,C1,55,,,,,,,,,
,440RF,4.05E-07,-2.34E-07,-4.80E-07,0,C1,54,,,,,,,,,
,440VF,3.96E-07,-2.45E-07,1.15E-06,0,C1,54,,,,,,,,,
,480RG,3.27E-07,-1.85E-07,-6.91E-07,0,C1,57,,,,,,,,,
,480VG,3.04E-07,-1.90E-07,1.22E-06,0,C1,0,,,,,,,,,
,390PG,3.03E-07,-1.72E-07,-1.31E-07,0,C1,54,,,,,,,,,
,510RH,2.50E-07,-1.43E-07,-8.87E-07,0,C1,57,,,,,,,,,
,510VH,2.17E-07,-1.09E-07,1.29E-06,0,C1,54,,,,,,,,,
,530RI,2.42E-07,-1.19E-07,-9.74E-07,0,C1,58,,,,,,,,,
,530VI,1.67E-07,-1.03E-07,1.37E-06,0,C1,0,,,,,,,,,
,480PI,1.96E-07,-1.24E-07,-5.77E-07,0,C1,57,,,,,,,,,
,530X+,1.52E-06,-1.58E-07,1.11E-07,0,C1,0,,,,,,,,,
,530X-,-1.10E-06,-7.43E-08,2.26E-07,0,C1,62,,,,,,,,,
,530Y+,3.58E-07,-1.40E-06,1.11E-07,0,C1,0,,,,,,,,,
,530Y-,-1.45E-08,1.15E-06,2.18E-07,0,C1,65,,,,,,,,,
,530ZB,1.88E-07,-8.52E-08,-1.02E-06,0,C1,0,,,,,,,,,
,530LL,1.70E-07,-7.63E-08,-1.13E-06,0,C1,0,,,,,,,,,
,530QL,1.67E-07,-1.07E-07,1.32E-06,0,C1,63,,,,,,,,,
,540RJ,2.01E-07,-8.20E-08,-1.09E-06,0,C1,59,,,,,,,,,
,540VJ,1.49E-07,-8.64E-08,1.39E-06,0,C1,59,,,,,,,,,
,550RK,1.41E-07,-6.37E-08,-1.16E-06,0,C1,0,,,,,,,,,
,550VK,9.78E-08,-1.19E-07,1.41E-06,0,C1,0,,,,,,,,,
,530PK,1.47E-07,-7.33E-08,-9.89E-07,0,C1,59,,,,,,,,,
,560RL,1.22E-07,-5.83E-08,-1.26E-06,0,C1,0,,,,,,,,,
,560VL,1.03E-07,-5.98E-08,1.43E-06,0,C1,0,,,,,,,,,
,570RM,8.98E-08,-4.63E-08,-1.30E-06,0,C1,59,,,,,,,,,
,570VM,6.87E-08,-3.09E-08,1.44E-06,0,C1,0,,,,,,,,,
,550PM,8.27E-08,-4.26E-08,-1.13E-06,0,C1,60,,,,,,,,,
,580RN,7.64E-08,-4.85E-08,-1.34E-06,0,C1,0,,,,,,,,,
,580VN,6.92E-08,-6.60E-08,1.46E-06,0,C1,58,,,,,,,,,
,590RO,6.09E-08,-2.41E-08,-1.36E-06,0,C1,0,,,,,,,,,
,590VO,4.66E-08,-6.47E-08,1.46E-06,0,C1,58,,,,,,,,,Id:14POPI10A,in:,0,az:,90,dip:,0,str:,0,m:,1.45,com:35_R,,,,,
L:,-24.47,G:,-65.42,H:0000,T:2014,9,14,0,0,azm:,0,azs:,0,Or:A12_0_3_90,Fm:,||Li:ceramique|Loc:jujuy
,0D0,-1.17E-05,6.13E-06,3.62E-06,0,C1,80,,,,,,,,,
,100RA,-1.19E-05,5.97E-06,3.47E-06,0,C1,84,,,,,,,,,
,100VA,-1.17E-05,6.29E-06,3.67E-06,0,C1,80,,,,,,,,,
,150RB,-1.18E-05,6.14E-06,3.40E-06,0,C1,82,,,,,,,,,
,150VB,-1.19E-05,6.01E-06,3.73E-06,0,C1,78,,,,,,,,,
,200RC,-1.20E-05,5.74E-06,3.38E-06,0,C1,82,,,,,,,,,
,200VC,-1.19E-05,5.85E-06,3.80E-06,0,C1,80,,,,,,,,,
,250RD,-1.18E-05,5.86E-06,3.24E-06,0,C1,81,,,,,,,,,
,250VD,-1.16E-05,6.17E-06,3.82E-06,0,C1,81,,,,,,,,,
,100PD,-1.16E-05,6.13E-06,3.68E-06,0,C1,80,,,,,,,,,
,300RE,-1.16E-05,5.82E-06,2.98E-06,0,C1,80,,,,,,,,,
,300VE,-1.15E-05,5.93E-06,3.89E-06,0,C1,84,,,,,,,,,
,340RF,-1.12E-05,5.91E-06,2.73E-06,0,C1,81,,,,,,,,,
,340VF,-1.14E-05,5.28E-06,3.95E-06,0,C1,79,,,,,,,,,
,250PF,-1.11E-05,5.93E-06,3.37E-06,0,C1,82,,,,,,,,,
,385RG,-1.09E-05,5.38E-06,2.31E-06,0,C1,80,,,,,,,,,
,385VG,-1.10E-05,4.61E-06,4.14E-06,0,C1,81,,,,,,,,,
,430RH,-9.58E-06,5.00E-06,1.26E-06,0,C1,88,,,,,,,,,
,430VH,-9.75E-06,4.01E-06,4.29E-06,0,C1,79,,,,,,,,,
,340PH,-9.60E-06,4.63E-06,3.02E-06,0,C1,86,,,,,,,,,
,470RI,-7.33E-06,3.49E-06,-1.20E-06,0,C1,78,,,,,,,,,
,470VI,-6.86E-06,3.16E-06,4.86E-06,0,C1,78,,,,,,,,,
,495RJ,-5.12E-06,2.54E-06,-2.97E-06,0,C1,78,,,,,,,,,
,495VJ,-4.53E-06,2.15E-06,5.63E-06,0,C1,84,,,,,,,,,
,430PJ,-4.78E-06,2.09E-06,2.33E-06,0,C1,89,,,,,,,,,
,515RK,-3.67E-06,1.77E-06,-4.66E-06,0,C1,88,,,,,,,,,
,515VK,-2.95E-06,1.32E-06,6.05E-06,0,C1,78,,,,,,,,,
,530RL,-2.74E-06,1.31E-06,-5.47E-06,0,C1,79,,,,,,,,,
,530VL,-1.99E-06,8.62E-07,6.38E-06,0,C1,78,,,,,,,,,
,495PL,-2.47E-06,1.37E-06,-2.64E-06,0,C1,0,,,,,,,,,
,530X+,6.23E-06,1.30E-06,5.80E-07,0,C1,82,,,,,,,,,
,530X-,-1.03E-05,5.33E-07,3.52E-07,0,C1,78,,,,,,,,,
,530Y+,-1.28E-06,-6.14E-06,3.71E-07,0,C1,77,,,,,,,,,
,530Y-,-2.62E-06,8.16E-06,5.51E-07,0,C1,78,,,,,,,,,
,530ZB,-2.42E-06,1.43E-06,-5.41E-06,0,C1,78,,,,,,,,,
,530LL,-2.48E-06,1.37E-06,-5.90E-06,0,C1,77,,,,,,,,,
,530QL,-1.75E-06,7.64E-07,6.19E-06,0,C1,78,,,,,,,,,
,540RM,-2.10E-06,1.23E-06,-5.82E-06,0,C1,77,,,,,,,,,
,540VM,-1.41E-06,6.34E-07,6.48E-06,0,C1,81,,,,,,,,,
,550RN,-1.84E-06,9.00E-07,-6.10E-06,0,C1,77,,,,,,,,,
,550VN,-1.04E-06,4.00E-07,6.60E-06,0,C1,80,,,,,,,,,
,530PN,-1.76E-06,8.76E-07,-5.28E-06,0,C1,0,,,,,,,,,Id:14POPI10B,in:,0,az:,90,dip:,0,str:,0,m:,0.36,com:35_R,,,,,
L:,-24.47,G:,-65.42,H:0000,T:2014,9,14,0,0,azm:,0,azs:,0,Or:A12_0_3_90,Fm:,||Li:ceramique|Loc:jujuy
,0D0,-3.30E-06,1.89E-06,2.92E-07,0,C1,19,,,,,,,,,
,150RA,-3.40E-06,1.72E-06,2.45E-07,0,C1,20,,,,,,,,,
,150VA,-3.34E-06,1.84E-06,3.36E-07,0,C1,19,,,,,,,,,
,240RB,-3.34E-06,1.74E-06,1.95E-07,0,C1,0,,,,,,,,,
,240VB,-3.33E-06,1.74E-06,3.74E-07,0,C1,21,,,,,,,,,
,300RC,-3.26E-06,1.75E-06,1.35E-07,0,C1,21,,,,,,,,,
,300VC,-3.19E-06,1.82E-06,3.74E-07,0,C1,20,,,,,,,,,
,150PC,-3.20E-06,1.79E-06,3.13E-07,0,C1,21,,,,,,,,,
,350RD,-3.09E-06,1.78E-06,6.43E-08,0,C1,20,,,,,,,,,
,350VD,-3.08E-06,1.73E-06,4.48E-07,0,C1,21,,,,,,,,,
,390RE,-3.01E-06,1.61E-06,-4.00E-08,0,C1,21,,,,,,,,,
,390VE,-2.93E-06,1.64E-06,5.04E-07,0,C1,18,,,,,,,,,
,300PE,-3.02E-06,1.52E-06,2.35E-07,0,C1,19,,,,,,,,,
,440RF,-2.56E-06,1.47E-06,-2.93E-07,0,C1,20,,,,,,,,,
,440VF,-2.52E-06,1.34E-06,6.25E-07,0,C1,21,,,,,,,,,
,480RG,-1.94E-06,1.07E-06,-7.39E-07,0,C1,20,,,,,,,,,
,480VG,-1.82E-06,9.48E-07,9.09E-07,0,C1,0,,,,,,,,,
,390PG,-1.83E-06,1.04E-06,3.81E-07,0,C1,20,,,,,,,,,
,510RH,-1.26E-06,7.68E-07,-1.18E-06,0,C1,21,,,,,,,,,
,510VH,-1.12E-06,4.89E-07,1.28E-06,0,C1,0,,,,,,,,,
,530RI,-1.03E-06,6.42E-07,-1.32E-06,0,C1,20,,,,,,,,,
,530VI,-6.99E-07,3.17E-07,1.50E-06,0,C1,20,,,,,,,,,
,480PI,-8.07E-07,4.40E-07,-2.77E-07,0,C1,0,,,,,,,,,
,530X+,1.26E-06,3.86E-07,5.73E-08,0,C1,24,,,,,,,,,
,530X-,-2.71E-06,5.10E-07,7.09E-08,0,C1,0,,,,,,,,,
,530Y+,-4.92E-07,-1.53E-06,9.75E-08,0,C1,0,,,,,,,,,
,530Y-,-8.31E-07,2.29E-06,2.37E-08,0,C1,22,,,,,,,,,
,530ZB,-8.35E-07,5.36E-07,-1.40E-06,0,C1,0,,,,,,,,,
,530LL,-8.46E-07,5.36E-07,-1.51E-06,0,C1,22,,,,,,,,,
,530QL,-6.35E-07,2.84E-07,1.44E-06,0,C1,21,,,,,,,,,
,540RJ,-7.49E-07,4.53E-07,-1.50E-06,0,C1,21,,,,,,,,,
,540VJ,-5.15E-07,1.96E-07,1.55E-06,0,C1,18,,,,,,,,,
,550RK,-6.08E-07,4.11E-07,-1.58E-06,0,C1,0,,,,,,,,,
,550VK,-3.77E-07,1.35E-07,1.61E-06,0,C1,21,,,,,,,,,
,530PK,-5.68E-07,3.84E-07,-1.31E-06,0,C1,19,,,,,,,,,
,560RL,-4.80E-07,3.53E-07,-1.65E-06,0,C1,0,,,,,,,,,
,560VL,-2.39E-07,7.59E-08,1.65E-06,0,C1,20,,,,,,,,,
,570RM,-3.77E-07,2.93E-07,-1.68E-06,0,C1,20,,,,,,,,,
,570VM,-1.27E-07,-2.15E-08,1.69E-06,0,C1,20,,,,,,,,,
,550PM,-3.60E-07,2.48E-07,-1.51E-06,0,C1,20,,,,,,,,,
,580RN,-2.89E-07,2.31E-07,-1.70E-06,0,C1,0,,,,,,,,,
,580VN,-3.25E-08,-8.18E-08,1.70E-06,0,C1,21,,,,,,,,,
,590RO,-2.19E-07,2.03E-07,-1.72E-06,0,C1,20,,,,,,,,,
,590VO,5.22E-08,-1.13E-07,1.72E-06,0,C1,0,,,,,,,,,Id:14POPI13A,in:,0,az:,90,dip:,0,str:,0,m:,1.06,com:35_R,,,,,
L:,-24.47,G:,-65.42,H:0000,T:2014,9,14,0,0,azm:,0,azs:,0,Or:A12_0_3_90,Fm:,||Li:ceramique|Loc:jujuy
,0N0,1.31E-05,1.77E-07,-1.20E-05,0,C1,36,,,,,,,,,
,150RA,1.03E-05,3.97E-08,-9.83E-06,0,C1,36,,,,,,,,,
,150VA,1.00E-05,4.65E-07,-9.46E-06,0,C1,37,,,,,,,,,
,240RB,7.82E-06,-2.03E-07,-7.58E-06,0,C1,39,,,,,,,,,
,240VB,7.57E-06,2.78E-07,-7.11E-06,0,C1,0,,,,,,,,,
,300RC,6.12E-06,8.49E-08,-6.07E-06,0,C1,40,,,,,,,,,
,300VC,6.02E-06,-1.99E-07,-5.40E-06,0,C1,38,,,,,,,,,
,150PC,5.96E-06,-5.39E-08,-5.52E-06,0,C1,38,,,,,,,,,
,350RD,4.93E-06,-3.45E-07,-4.88E-06,0,C1,37,,,,,,,,,
,350VD,4.94E-06,-9.06E-08,-4.27E-06,0,C1,0,,,,,,,,,
,390RE,4.07E-06,-2.20E-07,-4.16E-06,0,C1,37,,,,,,,,,
,390VE,4.05E-06,-3.21E-07,-3.32E-06,0,C1,38,,,,,,,,,
,300PE,3.99E-06,-3.85E-07,-3.72E-06,0,C1,0,,,,,,,,,Id:14POPI16A,in:,0,az:,90,dip:,0,str:,0,m:,0.82,com:35_R,,,,,
L:,-24.47,G:,-65.42,H:0000,T:2014,9,14,0,0,azm:,0,azs:,0,Or:A12_0_3_90,Fm:,||Li:ceramique|Loc:jujuy
,0D0,1.51E-06,-2.65E-06,-8.40E-07,0,C1,41,,,,,,,,,
,150RA,1.57E-06,-2.61E-06,-9.29E-07,0,C1,42,,,,,,,,,
,150VA,1.50E-06,-2.64E-06,-8.49E-07,0,C1,43,,,,,,,,,
,240RB,1.42E-06,-2.68E-06,-9.88E-07,0,C1,41,,,,,,,,,
,240VB,1.42E-06,-2.67E-06,-7.83E-07,0,C1,46,,,,,,,,,
,300RC,1.45E-06,-2.58E-06,-9.86E-07,0,C1,42,,,,,,,,,
,300VC,1.38E-06,-2.58E-06,-7.25E-07,0,C1,42,,,,,,,,,
,150PC,1.41E-06,-2.56E-06,-8.10E-07,0,C1,41,,,,,,,,,
,350RD,1.32E-06,-2.46E-06,-9.99E-07,0,C1,40,,,,,,,,,
,350VD,1.36E-06,-2.43E-06,-6.49E-07,0,C1,0,,,,,,,,,
,390RE,1.11E-06,-2.33E-06,-1.06E-06,0,C1,40,,,,,,,,,
,390VE,1.32E-06,-2.18E-06,-4.73E-07,0,C1,38,,,,,,,,,
,300PE,1.34E-06,-2.15E-06,-7.56E-07,0,C1,42,,,,,,,,,
,440RF,8.55E-07,-1.93E-06,-1.16E-06,0,C1,41,,,,,,,,,
,440VF,1.13E-06,-1.69E-06,-1.28E-07,0,C1,42,,,,,,,,,
,480RG,5.97E-07,-1.39E-06,-1.32E-06,0,C1,42,,,,,,,,,
,480VG,8.10E-07,-1.08E-06,4.18E-07,0,C1,42,,,,,,,,,
,390PG,7.75E-07,-1.14E-06,-1.84E-07,0,C1,0,,,,,,,,,
,510RH,2.73E-07,-9.32E-07,-1.46E-06,0,C1,41,,,,,,,,,
,510VH,5.71E-07,-5.24E-07,8.36E-07,0,C1,42,,,,,,,,,
,530RI,1.49E-07,-7.69E-07,-1.52E-06,0,C1,0,,,,,,,,,
,530VI,4.43E-07,-1.95E-07,1.22E-06,0,C1,42,,,,,,,,,
,480PI,1.89E-07,-5.18E-07,-4.96E-07,0,C1,0,,,,,,,,,
,530X+,2.02E-06,-6.13E-07,-3.35E-08,0,C1,0,,,,,,,,,
,530X-,-1.53E-06,-1.53E-07,-2.27E-07,0,C1,42,,,,,,,,,
,530Y+,4.83E-07,-2.29E-06,-4.08E-07,0,C1,0,,,,,,,,,
,530Y-,-1.67E-07,1.42E-06,1.31E-07,0,C1,43,,,,,,,,,
,530ZB,3.42E-08,-6.38E-07,-1.50E-06,0,C1,42,,,,,,,,,
,530LL,5.97E-08,-6.48E-07,-1.54E-06,0,C1,0,,,,,,,,,
,530QL,3.97E-07,-1.96E-07,1.17E-06,0,C1,0,,,,,,,,,
,540RJ,1.95E-08,-5.19E-07,-1.62E-06,0,C1,0,,,,,,,,,
,540VJ,3.52E-07,-7.25E-09,1.40E-06,0,C1,42,,,,,,,,,
,550RK,-8.96E-08,-4.96E-07,-1.64E-06,0,C1,0,,,,,,,,,
,550VK,3.23E-07,5.61E-08,1.47E-06,0,C1,41,,,,,,,,,
,530PK,-5.34E-08,-4.41E-07,-1.32E-06,0,C1,0,,,,,,,,,
,560RL,-1.26E-07,-3.97E-07,-1.67E-06,0,C1,0,,,,,,,,,
,560VL,2.69E-07,1.39E-07,1.59E-06,0,C1,42,,,,,,,,,Id:14POPI16B,in:,0,az:,90,dip:,0,str:,0,m:,0.93,com:35_R,,,,,
L:,-24.47,G:,-65.42,H:0000,T:2014,9,14,0,0,azm:,0,azs:,0,Or:A12_0_3_90,Fm:,||Li:ceramique|Loc:jujuy
,0D0,2.31E-06,-2.06E-06,-6.60E-07,0,C1,40,,,,,,,,,
,150RA,2.25E-06,-2.14E-06,-6.94E-07,1,C1,39,,,,,,,,,
,150VA,2.35E-06,-2.04E-06,-6.23E-07,0,C1,0,,,,,,,,,
,240RB,2.28E-06,-2.07E-06,-7.31E-07,0,C1,40,,,,,,,,,
,240VB,2.29E-06,-2.01E-06,-5.45E-07,0,C1,41,,,,,,,,,
,300RC,2.24E-06,-1.94E-06,-7.50E-07,0,C1,0,,,,,,,,,
,300VC,2.19E-06,-1.96E-06,-4.74E-07,0,C1,41,,,,,,,,,
,150PC,2.26E-06,-1.87E-06,-5.71E-07,0,C1,43,,,,,,,,,
,350RD,2.10E-06,-1.90E-06,-7.62E-07,0,C1,43,,,,,,,,,
,350VD,2.14E-06,-1.80E-06,-4.00E-07,0,C1,43,,,,,,,,,
,390RE,1.84E-06,-1.82E-06,-7.96E-07,0,C1,41,,,,,,,,,
,390VE,1.85E-06,-1.76E-06,-2.89E-07,0,C1,41,,,,,,,,,
,300PE,1.90E-06,-1.72E-06,-5.63E-07,0,C1,0,,,,,,,,,
,440RF,1.53E-06,-1.44E-06,-9.27E-07,0,C1,41,,,,,,,,,
,440VF,1.62E-06,-1.35E-06,-2.46E-08,0,C1,0,,,,,,,,,
,480RG,1.17E-06,-1.10E-06,-1.09E-06,0,C1,0,,,,,,,,,
,480VG,1.22E-06,-1.01E-06,3.32E-07,0,C1,41,,,,,,,,,
,390PG,1.15E-06,-1.09E-06,-2.36E-07,0,C1,41,,,,,,,,,
,510RH,7.68E-07,-7.24E-07,-1.24E-06,0,C1,41,,,,,,,,,
,510VH,7.77E-07,-6.33E-07,7.25E-07,0,C1,0,,,,,,,,,
,530RI,5.34E-07,-5.73E-07,-1.34E-06,0,C1,39,,,,,,,,,
,530VI,5.14E-07,-3.86E-07,1.08E-06,0,C1,39,,,,,,,,,
,480PI,4.66E-07,-4.59E-07,-3.84E-07,0,C1,42,,,,,,,,,
,530X+,2.30E-06,-5.66E-07,-2.34E-07,0,C1,0,,,,,,,,,
,530X-,-1.28E-06,-3.76E-07,-2.00E-08,0,C1,43,,,,,,,,,
,530Y+,8.03E-07,-2.16E-06,-2.44E-07,0,C1,42,,,,,,,,,
,530Y-,3.09E-07,1.29E-06,-3.73E-09,0,C1,0,,,,,,,,,
,530ZB,4.13E-07,-4.57E-07,-1.30E-06,0,C1,0,,,,,,,,,
,530LL,4.26E-07,-4.42E-07,-1.34E-06,0,C1,40,,,,,,,,,
,530QL,4.79E-07,-3.55E-07,9.96E-07,0,C1,41,,,,,,,,,
,540RJ,3.41E-07,-4.27E-07,-1.42E-06,0,C1,44,,,,,,,,,
,540VJ,4.09E-07,-2.80E-07,1.17E-06,0,C1,0,,,,,,,,,
,550RK,2.16E-07,-3.11E-07,-1.48E-06,0,C1,0,,,,,,,,,
,550VK,2.77E-07,-1.65E-07,1.32E-06,0,C1,40,,,,,,,,,
,530PK,2.16E-07,-2.87E-07,-1.11E-06,0,C1,41,,,,,,,,,
,560RL,1.17E-07,-2.03E-07,-1.54E-06,0,C1,44,,,,,,,,,
,560VL,1.76E-07,-7.05E-08,1.44E-06,0,C1,43,,,,,,,,,Id:14POPI19A,in:,0,az:,90,dip:,0,str:,0,m:,0.8,com:35_R,,,,,
L:,-24.47,G:,-65.42,H:0000,T:2014,9,14,0,0,azm:,0,azs:,0,Or:A12_0_3_90,Fm:,||Li:ceramique|Loc:jujuy
,0D0,-4.80E-07,-2.38E-07,9.94E-08,0,C1,18,,,,,,,,,
,150RA,-4.92E-07,-2.58E-07,5.75E-08,0,C1,20,,,,,,,,,
,150VA,-5.03E-07,-2.62E-07,1.48E-07,0,C1,20,,,,,,,,,
,240RB,-4.75E-07,-3.65E-07,4.80E-08,0,C1,21,,,,,,,,,
,240VB,-4.94E-07,-3.58E-07,2.82E-07,0,C1,21,,,,,,,,,
,300RC,-4.66E-07,-3.61E-07,2.45E-08,0,C1,21,,,,,,,,,
,300VC,-4.63E-07,-3.82E-07,3.69E-07,0,C1,21,,,,,,,,,
,150PC,-4.45E-07,-3.91E-07,2.81E-07,0,C1,21,,,,,,,,,
,350RD,-4.01E-07,-3.76E-07,-2.14E-08,0,C1,20,,,,,,,,,
,350VD,-4.00E-07,-3.96E-07,4.23E-07,0,C1,0,,,,,,,,,
,390RE,-3.54E-07,-3.56E-07,-6.77E-08,0,C1,20,,,,,,,,,
,390VE,-3.64E-07,-3.80E-07,4.75E-07,0,C1,21,,,,,,,,,
,300PE,-3.64E-07,-3.57E-07,1.33E-07,0,C1,22,,,,,,,,,
,440RF,-3.04E-07,-3.14E-07,-1.70E-07,0,C1,21,,,,,,,,,
,440VF,-3.05E-07,-3.76E-07,5.43E-07,0,C1,22,,,,,,,,,
,480RG,-2.47E-07,-2.52E-07,-2.97E-07,0,C1,21,,,,,,,,,
,480VG,-2.84E-07,-3.08E-07,6.31E-07,0,C1,21,,,,,,,,,
,390PG,-2.67E-07,-2.80E-07,7.93E-08,0,C1,21,,,,,,,,,
,510RH,-1.59E-07,-1.44E-07,-4.77E-07,0,C1,22,,,,,,,,,
,510VH,-1.93E-07,-2.58E-07,6.59E-07,0,C1,20,,,,,,,,,
,530RI,-1.16E-07,-8.75E-08,-5.71E-07,0,C1,23,,,,,,,,,
,530VI,-1.43E-07,-1.87E-07,7.62E-07,0,C1,0,,,,,,,,,
,480PI,-1.07E-07,-1.25E-07,-1.49E-07,0,C1,23,,,,,,,,,
,530X+,9.28E-07,-1.81E-07,1.42E-08,0,C1,0,,,,,,,,,
,530X-,-1.13E-06,-7.35E-08,1.56E-07,0,C1,21,,,,,,,,,
,530Y+,-1.01E-07,-1.14E-06,1.04E-07,0,C1,22,,,,,,,,,
,530Y-,-1.47E-07,8.66E-07,4.44E-08,0,C1,22,,,,,,,,,
,530ZB,-8.32E-08,-7.54E-08,-5.87E-07,0,C1,18,,,,,,,,,
,530LL,-8.57E-08,-7.52E-08,-6.44E-07,0,C1,20,,,,,,,,,
,530QL,-1.31E-07,-1.74E-07,7.22E-07,0,C1,21,,,,,,,,,
,540RJ,-3.97E-08,-1.72E-08,-7.09E-07,0,C1,22,,,,,,,,,
,540VJ,-9.51E-08,-1.50E-07,7.96E-07,0,C1,0,,,,,,,,,
,550RK,-2.16E-08,7.48E-10,-7.54E-07,0,C1,23,,,,,,,,,
,550VK,-8.48E-08,-1.13E-07,8.16E-07,0,C1,21,,,,,,,,,
,530PK,-3.15E-08,-1.36E-08,-5.38E-07,0,C1,0,,,,,,,,,
,560RL,1.13E-08,2.47E-08,-8.04E-07,0,C1,0,,,,,,,,,
,560VL,-6.28E-08,-8.69E-08,8.55E-07,0,C1,23,,,,,,,,,
,570RM,1.16E-08,4.31E-08,-8.34E-07,0,C1,0,,,,,,,,,
,570VM,-4.86E-08,-7.58E-08,8.69E-07,0,C1,20,,,,,,,,,
,550PM,1.61E-08,3.68E-08,-7.15E-07,0,C1,22,,,,,,,,,
,580RN,2.32E-08,3.43E-08,-8.34E-07,0,C1,23,,,,,,,,,
,580VN,-3.94E-08,-8.16E-08,8.65E-07,0,C1,0,,,,,,,,,
,590RO,1.07E-08,7.21E-08,-8.43E-07,0,C1,0,,,,,,,,,
,590VO,-4.32E-08,-8.38E-08,8.67E-07,0,C1,21,,,,,,,,,Id:14POPI19B,in:,0,az:,90,dip:,0,str:,0,m:,0.92,com:35_R,,,,,
L:,-24.47,G:,-65.42,H:0000,T:2014,9,14,0,0,azm:,0,azs:,0,Or:A12_0_3_90,Fm:,||Li:ceramique|Loc:jujuy
,0D0,-8.54E-07,-7.77E-07,3.61E-07,0,C1,21,,,,,,,,,
,150RA,-8.78E-07,-7.96E-07,3.15E-07,0,C1,23,,,,,,,,,
,150VA,-8.83E-07,-8.10E-07,4.23E-07,0,C1,26,,,,,,,,,
,240RB,-8.49E-07,-9.25E-07,3.25E-07,0,C1,25,,,,,,,,,
,240VB,-8.30E-07,-9.56E-07,5.89E-07,0,C1,0,,,,,,,,,
,300RC,-7.65E-07,-8.89E-07,2.42E-07,0,C1,25,,,,,,,,,
,300VC,-8.01E-07,-8.57E-07,6.81E-07,0,C1,27,,,,,,,,,
,150PC,-7.90E-07,-8.55E-07,5.79E-07,0,C1,25,,,,,,,,,
,350RD,-7.35E-07,-7.76E-07,1.82E-07,0,C1,27,,,,,,,,,
,350VD,-6.84E-07,-8.32E-07,7.20E-07,0,C1,27,,,,,,,,,
,390RE,-6.36E-07,-6.92E-07,7.31E-08,0,C1,27,,,,,,,,,
,390VE,-6.27E-07,-7.57E-07,7.50E-07,0,C1,28,,,,,,,,,
,300PE,-5.95E-07,-7.52E-07,3.18E-07,0,C1,26,,,,,,,,,
,440RF,-5.22E-07,-5.64E-07,-1.16E-07,0,C1,31,,,,,,,,,
,440VF,-4.88E-07,-6.90E-07,8.06E-07,0,C1,0,,,,,,,,,
,480RG,-4.17E-07,-3.25E-07,-3.72E-07,0,C1,25,,,,,,,,,
,480VG,-3.61E-07,-5.35E-07,8.74E-07,0,C1,25,,,,,,,,,
,390PG,-3.65E-07,-4.81E-07,1.77E-07,0,C1,25,,,,,,,,,
,510RH,-2.40E-07,-1.31E-07,-6.52E-07,0,C1,0,,,,,,,,,
,510VH,-2.16E-07,-3.73E-07,9.50E-07,0,C1,26,,,,,,,,,
,530RI,-1.72E-07,-2.17E-08,-8.04E-07,0,C1,26,,,,,,,,,
,530VI,-9.05E-08,-2.94E-07,1.04E-06,0,C1,25,,,,,,,,,
,480PI,-1.11E-07,-1.42E-07,-2.26E-07,0,C1,28,,,,,,,,,
,530X+,1.39E-06,-1.11E-07,2.23E-08,0,C1,24,,,,,,,,,
,530X-,-1.59E-06,-1.93E-07,1.82E-07,0,C1,29,,,,,,,,,
,530Y+,5.24E-10,-1.64E-06,2.13E-07,0,C1,29,,,,,,,,,
,530Y-,-2.15E-07,1.35E-06,-8.58E-09,0,C1,28,,,,,,,,,
,530ZB,-1.35E-07,3.71E-08,-8.34E-07,0,C1,0,,,,,,,,,
,530LL,-1.39E-07,3.71E-08,-8.93E-07,0,C1,24,,,,,,,,,
,530QL,-9.48E-08,-2.59E-07,9.92E-07,0,C1,0,,,,,,,,,
,540RJ,-1.21E-07,4.84E-08,-9.13E-07,0,C1,27,,,,,,,,,
,540VJ,-5.56E-08,-2.63E-07,1.05E-06,0,C1,27,,,,,,,,,
,550RK,-8.22E-08,1.05E-07,-9.81E-07,0,C1,24,,,,,,,,,
,550VK,-3.71E-08,-2.39E-07,1.08E-06,0,C1,28,,,,,,,,,
,530PK,-8.31E-08,7.36E-08,-7.97E-07,0,C1,27,,,,,,,,,
,560RL,-5.10E-08,1.48E-07,-1.04E-06,0,C1,27,,,,,,,,,
,560VL,3.70E-09,-2.20E-07,1.09E-06,0,C1,28,,,,,,,,,Id:14POPI24A,in:,0,az:,90,dip:,0,str:,0,m:,1.04,com:35_R,,,,,
L:,-24.47,G:,-65.42,H:0000,T:2014,9,14,0,0,azm:,0,azs:,0,Or:A12_0_3_90,Fm:,||Li:ceramique|Loc:jujuy
,0D0,2.88E-07,5.25E-07,1.55E-07,0,C1,12,,,,,,,,,
,150RA,2.33E-07,4.91E-07,1.13E-07,0,C1,12,,,,,,,,,
,150VA,2.36E-07,4.83E-07,1.45E-07,0,C1,12,,,,,,,,,
,240RB,2.12E-07,4.40E-07,8.25E-08,0,C1,12,,,,,,,,,
,240VB,2.15E-07,4.38E-07,1.51E-07,0,C1,12,,,,,,,,,
,300RC,1.79E-07,4.14E-07,5.00E-08,0,C1,12,,,,,,,,,
,300VC,2.03E-07,3.96E-07,1.65E-07,0,C1,11,,,,,,,,,
,150PC,1.81E-07,4.07E-07,1.25E-07,0,C1,12,,,,,,,,,
,350RD,2.28E-07,2.58E-07,-8.13E-09,0,C1,9,,,,,,,,,
,350VD,1.89E-07,1.72E-07,2.17E-07,0,C1,12,,,,,,,,,
,390RE,2.15E-07,2.11E-07,-3.64E-08,0,C1,14,,,,,,,,,
,390VE,1.68E-07,1.23E-07,2.37E-07,0,C1,12,,,,,,,,,
,300PE,1.70E-07,1.28E-07,1.17E-07,0,C1,12,,,,,,,,,
,440RF,1.94E-07,1.57E-07,-8.20E-08,0,C1,11,,,,,,,,,
,440VF,1.48E-07,5.28E-08,2.47E-07,0,C1,0,,,,,,,,,
,480RG,1.80E-07,1.03E-07,-1.30E-07,0,C1,12,,,,,,,,,
,480VG,1.32E-07,-1.97E-08,2.82E-07,0,C1,12,,,,,,,,,
,390PG,1.71E-07,7.21E-08,-1.18E-08,0,C1,12,,,,,,,,,
,510RH,1.65E-07,3.46E-08,-1.89E-07,0,C1,13,,,,,,,,,
,510VH,1.20E-07,-7.85E-08,2.93E-07,0,C1,12,,,,,,,,,
,530RI,1.56E-07,7.22E-09,-2.28E-07,0,C1,12,,,,,,,,,
,530VI,7.64E-08,-1.19E-07,3.41E-07,0,C1,12,,,,,,,,,
,480PI,1.58E-07,2.16E-08,-9.93E-08,0,C1,0,,,,,,,,,Id:14POPI24B,in:,0,az:,90,dip:,0,str:,0,m:,1.34,com:35_R,,,,,
L:,-24.47,G:,-65.42,H:0000,T:2014,9,14,0,0,azm:,0,azs:,0,Or:A12_0_3_90,Fm:,||Li:ceramique|Loc:jujuy
,0D0,2.17E-07,3.95E-07,1.50E-07,0,C1,16,,,,,,,,,
,150RA,2.05E-07,3.96E-07,1.30E-07,0,C1,13,,,,,,,,,
,150VA,2.07E-07,3.89E-07,1.73E-07,0,C1,15,,,,,,,,,
,240RB,1.89E-07,3.64E-07,1.06E-07,0,C1,13,,,,,,,,,
,240VB,1.93E-07,3.73E-07,1.98E-07,0,C1,13,,,,,,,,,
,300RC,1.83E-07,3.62E-07,7.33E-08,0,C1,13,,,,,,,,,
,300VC,2.02E-07,3.50E-07,2.09E-07,0,C1,15,,,,,,,,,
,150PC,1.93E-07,3.51E-07,1.63E-07,0,C1,15,,,,,,,,,
,350RD,1.67E-07,2.67E-07,2.45E-08,0,C1,14,,,,,,,,,
,350VD,2.00E-07,2.51E-07,2.53E-07,0,C1,13,,,,,,,,,
,390RE,1.74E-07,2.08E-07,-1.92E-08,0,C1,14,,,,,,,,,
,390VE,2.06E-07,1.82E-07,2.70E-07,0,C1,14,,,,,,,,,
,300PE,2.00E-07,1.91E-07,1.25E-07,0,C1,15,,,,,,,,,
,440RF,1.52E-07,1.62E-07,-4.46E-08,0,C1,14,,,,,,,,,
,440VF,1.93E-07,1.43E-07,2.92E-07,0,C1,0,,,,,,,,,
,480RG,1.40E-07,1.04E-07,-8.83E-08,0,C1,14,,,,,,,,,
,480VG,2.02E-07,7.97E-08,3.12E-07,0,C1,15,,,,,,,,,
,390PG,1.47E-07,1.14E-07,1.41E-08,0,C1,13,,,,,,,,,
,510RH,1.21E-07,3.23E-08,-1.49E-07,0,C1,0,,,,,,,,,
,510VH,1.95E-07,1.54E-08,3.45E-07,0,C1,12,,,,,,,,,
,530RI,1.05E-07,-1.48E-08,-1.92E-07,0,C1,15,,,,,,,,,
,530VI,1.87E-07,-3.60E-08,3.79E-07,0,C1,14,,,,,,,,,
,480PI,1.28E-07,-1.43E-08,-5.91E-08,0,C1,14,,,,,,,,,
,530X+,5.93E-07,-4.87E-08,9.27E-08,0,C1,14,,,,,,,,,
,530X-,-2.96E-07,-9.43E-09,8.31E-08,0,C1,14,,,,,,,,,
,530Y+,1.39E-07,-5.03E-07,7.43E-08,0,C1,14,,,,,,,,,
,530Y-,1.32E-07,4.34E-07,1.01E-07,0,C1,0,,,,,,,,,
,530ZB,9.57E-08,-2.56E-08,-2.05E-07,0,C1,0,,,,,,,,,
,530LL,8.38E-08,-1.92E-08,-2.12E-07,0,C1,0,,,,,,,,,
,530QL,1.80E-07,-4.77E-08,3.75E-07,0,C1,0,,,,,,,,,
,540RJ,7.82E-08,-4.17E-08,-2.45E-07,0,C1,14,,,,,,,,,
,540VJ,1.75E-07,-6.25E-08,3.86E-07,0,C1,14,,,,,,,,,
,550RK,5.68E-08,-5.34E-08,-2.66E-07,0,C1,13,,,,,,,,,
,550VK,1.61E-07,-7.80E-08,3.95E-07,0,C1,13,,,,,,,,,
,530PK,6.79E-08,-4.38E-08,-1.92E-07,0,C1,14,,,,,,,,,
,560RL,2.88E-08,-6.04E-08,-3.01E-07,0,C1,0,,,,,,,,,
,560VL,1.48E-07,-7.53E-08,3.96E-07,0,C1,0,,,,,,,,,
,570RM,1.33E-08,-6.76E-08,-3.22E-07,0,C1,13,,,,,,,,,
,570VM,1.35E-07,-7.24E-08,4.00E-07,0,C1,0,,,,,,,,,
,550PM,2.66E-08,-6.16E-08,-2.39E-07,0,C1,13,,,,,,,,,
,580RN,-2.28E-09,-7.02E-08,-3.43E-07,0,C1,0,,,,,,,,,
,580VN,1.22E-07,-7.48E-08,4.07E-07,0,C1,11,,,,,,,,,
,590RO,-2.99E-08,-6.46E-08,-3.64E-07,0,C1,0,,,,,,,,,
,590VO,1.17E-07,-5.46E-08,4.13E-07,0,C1,0,,,,,,,,,Id:14POPI27A,in:,0,az:,90,dip:,0,str:,0,m:,1.03,com:35_R,,,,,
L:,-24.47,G:,-65.42,H:0000,T:2014,9,14,0,0,azm:,0,azs:,0,Or:A12_0_3_90,Fm:,||Li:ceramique|Loc:jujuy
,0D0,-3.79E-07,-4.00E-06,-1.29E-06,0,C1,53,,,,,,,,,
,150RA,-4.16E-07,-4.01E-06,-1.38E-06,0,C1,56,,,,,,,,,
,150VA,-2.31E-07,-4.04E-06,-1.26E-06,0,C1,57,,,,,,,,,
,240RB,-2.48E-07,-4.02E-06,-1.45E-06,0,C1,57,,,,,,,,,
,240VB,-4.52E-07,-3.99E-06,-1.22E-06,0,C1,62,,,,,,,,,
,300RC,-4.18E-07,-3.98E-06,-1.42E-06,0,C1,60,,,,,,,,,
,300VC,-4.31E-07,-3.95E-06,-1.12E-06,0,C1,57,,,,,,,,,
,150PC,-3.76E-07,-3.93E-06,-1.27E-06,0,C1,59,,,,,,,,,
,350RD,-3.28E-07,-3.81E-06,-1.45E-06,0,C1,57,,,,,,,,,
,350VD,-3.95E-07,-3.81E-06,-1.07E-06,0,C1,62,,,,,,,,,
,390RE,-3.09E-07,-3.62E-06,-1.47E-06,0,C1,57,,,,,,,,,
,390VE,-4.84E-07,-3.59E-06,-8.95E-07,0,C1,58,,,,,,,,,
,300PE,-1.56E-07,-3.61E-06,-1.18E-06,0,C1,57,,,,,,,,,
,440RF,-2.15E-07,-3.12E-06,-1.54E-06,0,C1,61,,,,,,,,,
,440VF,-3.69E-07,-3.08E-06,-5.57E-07,0,C1,58,,,,,,,,,
,480RG,-1.32E-07,-2.43E-06,-1.66E-06,0,C1,57,,,,,,,,,
,480VG,-2.26E-07,-2.30E-06,8.08E-08,0,C1,62,,,,,,,,,
,390PG,-2.96E-07,-2.31E-06,-5.04E-07,0,C1,57,,,,,,,,,
,510RH,-8.49E-08,-1.68E-06,-1.71E-06,0,C1,57,,,,,,,,,
,510VH,-2.03E-07,-1.56E-06,5.18E-07,0,C1,0,,,,,,,,,
,530RI,-9.36E-09,-1.50E-06,-1.72E-06,0,C1,58,,,,,,,,,
,530VI,-2.77E-07,-1.11E-06,9.51E-07,0,C1,57,,,,,,,,,
,480PI,-1.44E-07,-1.14E-06,-6.61E-07,0,C1,57,,,,,,,,,
,530X+,2.27E-06,-1.14E-06,-5.94E-07,0,C1,0,,,,,,,,,
,530X-,-2.35E-06,-1.17E-06,-1.25E-07,0,C1,56,,,,,,,,,
,530Y+,6.90E-08,-3.76E-06,-5.63E-07,0,C1,57,,,,,,,,,
,530Y-,2.48E-08,1.34E-06,-1.75E-07,0,C1,58,,,,,,,,,
,530ZB,3.48E-08,-1.19E-06,-1.71E-06,0,C1,55,,,,,,,,,
,530LL,3.72E-08,-1.19E-06,-1.75E-06,0,C1,57,,,,,,,,,
,530QL,-2.40E-07,-1.03E-06,8.90E-07,0,C1,54,,,,,,,,,
,540RJ,9.86E-08,-9.22E-07,-1.80E-06,0,C1,0,,,,,,,,,
,540VJ,-2.28E-07,-6.94E-07,1.23E-06,0,C1,56,,,,,,,,,
,550RK,7.02E-08,-7.58E-07,-1.83E-06,0,C1,56,,,,,,,,,
,550VK,-1.96E-07,-5.38E-07,1.33E-06,1,C1,0,,,,,,,,,
,530PK,4.21E-08,-6.85E-07,-1.41E-06,0,C1,0,,,,,,,,,
,560RL,1.42E-07,-5.18E-07,-1.86E-06,0,C1,0,,,,,,,,,
,560VL,-2.31E-07,-2.52E-07,1.55E-06,0,C1,57,,,,,,,,,
,570RM,2.01E-07,-3.45E-07,-1.91E-06,0,C1,62,,,,,,,,,
,570VM,-2.44E-07,-2.42E-08,1.70E-06,0,C1,58,,,,,,,,,
,550PM,1.45E-07,-2.88E-07,-1.55E-06,0,C1,61,,,,,,,,,Id:14POPI27B,in:,0,az:,90,dip:,0,str:,0,m:,1.27,com:35_R,,,,,
L:,-24.47,G:,-65.42,H:0000,T:2014,9,14,0,0,azm:,0,azs:,0,Or:A12_0_3_90,Fm:,||Li:ceramique|Loc:jujuy
,0D0,-7.27E-07,-3.29E-06,-1.15E-06,0,C1,59,,,,,,,,,
,150RA,-7.81E-07,-3.29E-06,-1.19E-06,0,C1,60,,,,,,,,,
,150VA,-8.25E-07,-3.30E-06,-1.10E-06,0,C1,60,,,,,,,,,
,240RB,-8.39E-07,-3.28E-06,-1.25E-06,0,C1,60,,,,,,,,,
,240VB,-8.88E-07,-3.23E-06,-1.03E-06,0,C1,61,,,,,,,,,
,300RC,-8.67E-07,-3.23E-06,-1.29E-06,0,C1,61,,,,,,,,,
,300VC,-8.67E-07,-3.20E-06,-9.49E-07,0,C1,62,,,,,,,,,
,150PC,-8.47E-07,-3.19E-06,-1.08E-06,0,C1,62,,,,,,,,,
,350RD,-8.33E-07,-3.12E-06,-1.29E-06,0,C1,63,,,,,,,,,
,350VD,-8.44E-07,-3.07E-06,-8.66E-07,0,C1,61,,,,,,,,,
,390RE,-9.37E-07,-2.84E-06,-1.33E-06,0,C1,62,,,,,,,,,
,390VE,-7.56E-07,-2.87E-06,-7.49E-07,0,C1,0,,,,,,,,,
,300PE,-8.91E-07,-2.84E-06,-1.03E-06,0,C1,62,,,,,,,,,
,440RF,-6.94E-07,-2.47E-06,-1.41E-06,0,C1,62,,,,,,,,,
,440VF,-7.02E-07,-2.41E-06,-4.34E-07,0,C1,60,,,,,,,,,
,480RG,-5.50E-07,-1.89E-06,-1.56E-06,0,C1,62,,,,,,,,,
,480VG,-5.21E-07,-1.81E-06,1.20E-07,0,C1,62,,,,,,,,,
,390PG,-5.00E-07,-1.86E-06,-4.97E-07,0,C1,61,,,,,,,,,
,510RH,-3.51E-07,-1.39E-06,-1.65E-06,0,C1,0,,,,,,,,,
,510VH,-3.82E-07,-1.24E-06,6.48E-07,0,C1,61,,,,,,,,,
,530RI,-3.56E-07,-1.21E-06,-1.68E-06,0,C1,61,,,,,,,,,
,530VI,-2.04E-07,-8.35E-07,1.14E-06,0,C1,0,,,,,,,,,
,480PI,-2.40E-07,-9.05E-07,-5.94E-07,0,C1,59,,,,,,,,,
,530X+,1.85E-06,-9.02E-07,-2.79E-07,0,C1,63,,,,,,,,,
,530X-,-2.26E-06,-9.51E-07,-2.38E-07,0,C1,62,,,,,,,,,
,530Y+,-1.58E-07,-2.96E-06,-3.42E-07,0,C1,66,,,,,,,,,
,530Y-,-3.92E-07,1.17E-06,-1.79E-07,0,C1,64,,,,,,,,,
,530ZB,-2.92E-07,-9.03E-07,-1.64E-06,0,C1,61,,,,,,,,,
,530LL,-2.98E-07,-9.20E-07,-1.71E-06,0,C1,61,,,,,,,,,
,530QL,-2.15E-07,-7.83E-07,1.03E-06,0,C1,61,,,,,,,,,
,540RJ,-2.64E-07,-8.06E-07,-1.79E-06,0,C1,62,,,,,,,,,
,540VJ,-1.49E-07,-6.12E-07,1.34E-06,0,C1,0,,,,,,,,,
,550RK,-2.04E-07,-6.35E-07,-1.85E-06,0,C1,60,,,,,,,,,
,550VK,-1.21E-07,-4.41E-07,1.46E-06,0,C1,0,,,,,,,,,
,530PK,-2.35E-07,-6.15E-07,-1.45E-06,0,C1,62,,,,,,,,,
,560RL,-1.57E-07,-4.19E-07,-1.93E-06,0,C1,61,,,,,,,,,
,560VL,-3.01E-08,-2.31E-07,1.65E-06,0,C1,61,,,,,,,,,
,570RM,-1.25E-07,-2.97E-07,-1.95E-06,0,C1,62,,,,,,,,,
,570VM,2.03E-09,-1.15E-07,1.84E-06,0,C1,61,,,,,,,,,
,550PM,-9.22E-08,-2.88E-07,-1.56E-06,0,C1,66,,,,,,,,,
,580RN,-8.70E-08,-1.75E-07,-1.97E-06,0,C1,61,,,,,,,,,
,580VN,3.01E-08,-2.04E-08,1.90E-06,0,C1,60,,,,,,,,,
